source,listing_id,title,price_amount,currency,price_period,district,rooms,area_sqm,floor,total_floors,retrieved_at,location_raw,city,exchange_rate_requested_date,exchange_rate_date,exchange_rate_to_amd,price_amd
list.am,23091499,"5 սենյականոց բնակարան նորակառույց շենքում Սասնա Ծռերի փողոցում Դավթաշենում, 224 քմ, 2 սանհանգույց",3000.0,USD,monthly,Davtashen,5,224.0,18,18,2026-08-19 13:04:03.116499+00:00,Դավթաշեն,Yerevan,2026-08-19,2026-08-19,364.96,1094880.0
list.am,24057155,"Ընդարձակ 3 սենյականոց բնակարան նորակառույց շենքում Եկմալյան փողոցում կենտրոնում, 300 քմ",3500.0,USD,monthly,Kentron,3,300.0,12,12,2026-08-19 13:03:38.413540+00:00,Կենտրոն,Yerevan,2026-08-19,2026-08-19,364.96,1277360.0
list.am,22614268,"4 սենյականոց բնակարան նորակառույց շենքում Ալեք Մանուկյան փողոցում կենտրոնում, 135 քմ, 7/11 հարկ",550000.0,AMD,monthly,Kentron,4,135.0,7,11,2026-08-19 13:04:03.116499+00:00,Կենտրոն,Yerevan,2026-08-19,2026-08-19,1.0,550000.0
list.am,24052359,"3 սենյականոց բնակարան նորակառույց շենքում Կարապետ Ուլնեցու փողոցում Քանաքեռ-Զեյթունում, 110 քմ",700000.0,AMD,monthly,Kanaker-Zeytun,3,110.0,15,16,2026-08-19 13:04:03.116499+00:00,Քանաքեռ-Զեյթուն,Yerevan,2026-08-19,2026-08-19,1.0,700000.0
list.am,24103279,"3 room apartment in Sayat-Nova District in Avan, 80 sq.m., 1/9 floor",1000.0,USD,monthly,Avan,3,80.0,1,9,2026-08-19 12:52:15.955691+00:00,Avan,Yerevan,2026-08-19,2026-08-19,364.96,364960.0
list.am,24117787,"4 սենյականոց բնակարան նորակառույց շենքում Կարապետ Ուլնեցու փողոցում Քանաքեռ-Զեյթունում, 132 քմ",2800.0,USD,monthly,Kanaker-Zeytun,4,132.0,15,16,2026-08-19 13:04:03.116499+00:00,Քանաքեռ-Զեյթուն,Yerevan,2026-08-19,2026-08-19,364.96,1021888.0
list.am,24111699,"2 սենյականոց բնակարան նորակառույց շենքում Ադոնցի փողոցում Արաբկիրում, 56 քմ, նախավերջին հարկ",420000.0,AMD,monthly,Arabkir,2,56.0,7,8,2026-08-19 13:04:03.116499+00:00,Արաբկիր,Yerevan,2026-08-19,2026-08-19,1.0,420000.0
list.am,18704103,"2 սենյականոց բնակարան նորակառույց շենքում Սեբաստիայի փողոցում Մալաթիա-Սեբաստիայում, 45 քմ, 3/5 հարկ",260000.0,AMD,monthly,Malatia-Sebastia,2,45.0,3,5,2026-08-19 13:04:03.116499+00:00,Մալաթիա-Սեբաստիա,Yerevan,2026-08-19,2026-08-19,1.0,260000.0
list.am,24115013,"4 սենյականոց բնակարան Արմեն Գուլակյան փողոցում Արաբկիրում, 135 քմ, 2/5 հարկ, քարե շենք",1000.0,USD,monthly,Arabkir,4,135.0,2,5,2026-08-19 13:00:34.544074+00:00,Արաբկիր,Yerevan,2026-08-19,2026-08-19,364.96,364960.0
list.am,23907177,"4 սենյականոց բնակարան Հին երևանցու փողոցում կենտրոնում, 93 քմ, 4/11 հարկ, 2 սանհանգույց",800000.0,AMD,monthly,Kentron,4,93.0,4,11,2026-08-19 13:00:34.544074+00:00,Կենտրոն,Yerevan,2026-08-19,2026-08-19,1.0,800000.0
list.am,23723974,"2 սենյականոց բնակարան նորակառույց շենքում Տերյան փողոցում կենտրոնում, 42 քմ, 18/22 հարկ",2200.0,USD,monthly,Kentron,2,42.0,18,22,2026-08-19 13:00:34.544074+00:00,Կենտրոն,Yerevan,2026-08-19,2026-08-19,364.96,802912.0
list.am,23727686,"2 սենյականոց բնակարան Խորենացու փողոցում կենտրոնում, 56 քմ, 2/5 հարկ, քարե շենք",470000.0,AMD,monthly,Kentron,2,56.0,2,5,2026-08-19 13:00:34.544074+00:00,Կենտրոն,Yerevan,2026-08-19,2026-08-19,1.0,470000.0
list.am,23962026,"3 սենյականոց բնակարան Եզնիկ Կողբացու փողոցում կենտրոնում, 92 քմ, 2 սանհանգույց, բարձր առաստաղներ",3000.0,USD,monthly,Kentron,3,92.0,11,11,2026-08-19 13:00:34.544074+00:00,Կենտրոն,Yerevan,2026-08-19,2026-08-19,364.96,1094880.0
list.am,23808753,"3 սենյականոց բնակարան նորակառույց շենքում Եզնիկ Կողբացու փողոցում կենտրոնում, 92 քմ, 7/11 հարկ",2350.0,USD,monthly,Kentron,3,92.0,7,11,2026-08-19 13:00:34.544074+00:00,Կենտրոն,Yerevan,2026-08-19,2026-08-19,364.96,857656.0
list.am,23913573,"2 սենյականոց բնակարան նորակառույց շենքում Անաստաս Միկոյան փողոցում Դավթաշենում, 68 քմ",400000.0,AMD,monthly,Davtashen,2,68.0,15,15,2026-08-19 13:00:34.544074+00:00,Դավթաշեն,Yerevan,2026-08-19,2026-08-19,1.0,400000.0
list.am,24114786,"3 սենյականոց բնակարան Ադոնցի փողոցում Արաբկիրում, 80 քմ, 7/14 հարկ",280000.0,AMD,monthly,Arabkir,3,80.0,7,14,2026-08-19 13:00:34.544074+00:00,Արաբկիր,Yerevan,2026-08-19,2026-08-19,1.0,280000.0
list.am,23471579,"2 սենյականոց բնակարան նորակառույց շենքում, Արշակունյաց պողոտա 18\4 կենտրոնում, 55 քմ, 7/20 հարկ",900000.0,AMD,monthly,Kentron,2,55.0,7,20,2026-08-19 13:00:34.544074+00:00,Կենտրոն,Yerevan,2026-08-19,2026-08-19,1.0,900000.0
list.am,24114567,"2 սենյականոց բնակարան Քաջազնունու փողոցում կենտրոնում, 50 քմ, 5/9 հարկ, քարե շենք",300000.0,AMD,monthly,Kentron,2,50.0,5,9,2026-08-19 13:00:34.544074+00:00,Կենտրոն,Yerevan,2026-08-19,2026-08-19,1.0,300000.0
list.am,16141979,"2 սենյականոց բնակարան Հին երևանցու փողոցում կենտրոնում, 48 քմ, 5/11 հարկ",420000.0,AMD,monthly,Kentron,2,48.0,5,11,2026-08-19 13:00:34.544074+00:00,Կենտրոն,Yerevan,2026-08-19,2026-08-19,1.0,420000.0
list.am,24114317,"2 սենյականոց բնակարան Պարոնյան փողոցում կենտրոնում, 58 քմ, նախավերջին հարկ, բարձր առաստաղներ",450000.0,AMD,monthly,Kentron,2,58.0,3,4,2026-08-19 13:00:34.544074+00:00,Կենտրոն,Yerevan,2026-08-19,2026-08-19,1.0,450000.0
list.am,24078902,"2 սենյականոց բնակարան նորակառույց շենքում Կոմիտասի պողոտայում Արաբկիրում, 75 քմ, 4/18 հարկ",400000.0,AMD,monthly,Arabkir,2,75.0,4,18,2026-08-19 13:00:34.544074+00:00,Արաբկիր,Yerevan,2026-08-19,2026-08-19,1.0,400000.0
list.am,19986035,"1 սենյականոց բնակարան Կոմիտասի պողոտայում Արաբկիրում, 43 քմ, 2/5 հարկ, քարե շենք",220000.0,AMD,monthly,Arabkir,1,43.0,2,5,2026-08-19 13:00:34.544074+00:00,Արաբկիր,Yerevan,2026-08-19,2026-08-19,1.0,220000.0
list.am,22686646,"3 սենյականոց բնակարան Կոմիտասի պողոտայում Արաբկիրում, 83 քմ, բարձր առաստաղներ, քարե շենք",350000.0,AMD,monthly,Arabkir,3,83.0,4,4,2026-08-19 13:00:34.544074+00:00,Արաբկիր,Yerevan,2026-08-19,2026-08-19,1.0,350000.0
list.am,23969662,"1 սենյականոց բնակարան Կոմիտասի պողոտայում Արաբկիրում, 45 քմ, 1/5 հարկ, քարե շենք",220000.0,AMD,monthly,Arabkir,1,45.0,1,5,2026-08-19 13:00:34.544074+00:00,Արաբկիր,Yerevan,2026-08-19,2026-08-19,1.0,220000.0
list.am,24064228,"3 սենյականոց բնակարան նորակառույց շենքում Անտառային փողոցում կենտրոնում, 107 քմ, 3/6 հարկ",1000000.0,AMD,monthly,Kentron,3,107.0,3,6,2026-08-19 13:00:34.544074+00:00,Կենտրոն,Yerevan,2026-08-19,2026-08-19,1.0,1000000.0
list.am,24112725,"3 սենյականոց բնակարան Խանջյան փողոցում կենտրոնում, 83 քմ, 1/4 հարկ, բարձր առաստաղներ, քարե շենք",500000.0,AMD,monthly,Kentron,3,83.0,1,4,2026-08-19 13:00:34.544074+00:00,Կենտրոն,Yerevan,2026-08-19,2026-08-19,1.0,500000.0
list.am,24112680,"2 սենյականոց բնակարան նորակառույց շենքում Արգիշտիի փողոցում կենտրոնում, 75 քմ, նախավերջին հարկ",450000.0,AMD,monthly,Kentron,2,75.0,13,14,2026-08-19 13:00:34.544074+00:00,Կենտրոն,Yerevan,2026-08-19,2026-08-19,1.0,450000.0
list.am,22544449,"2 սենյականոց բնակարան նորակառույց շենքում Կարապետ Ուլնեցու փողոցում Քանաքեռ-Զեյթունում, 57 քմ",350000.0,AMD,monthly,Kanaker-Zeytun,2,57.0,10,16,2026-08-19 13:00:34.544074+00:00,Քանաքեռ-Զեյթուն,Yerevan,2026-08-19,2026-08-19,1.0,350000.0
list.am,22926496,"3 սենյականոց բնակարան Հին երևանցու փողոցում կենտրոնում, 78 քմ, 5/9 հարկ, բարձր առաստաղներ",660000.0,AMD,monthly,Kentron,3,78.0,5,9,2026-08-19 13:00:34.544074+00:00,Կենտրոն,Yerevan,2026-08-19,2026-08-19,1.0,660000.0
list.am,23945951,"3 սենյականոց բնակարան նորակառույց շենքում Դավթաշենի 4-րդ փողոցում Դավթաշենում, 92 քմ, 10/16 հարկ",350000.0,AMD,monthly,Davtashen,3,92.0,10,16,2026-08-19 13:00:34.544074+00:00,Դավթաշեն,Yerevan,2026-08-19,2026-08-19,1.0,350000.0
list.am,24112490,"2 սենյականոց բնակարան նորակառույց շենքում Արգիշտիի փողոցում կենտրոնում, 75 քմ, 13/15 հարկ",450000.0,AMD,monthly,Kentron,2,75.0,13,15,2026-08-19 13:00:34.544074+00:00,Կենտրոն,Yerevan,2026-08-19,2026-08-19,1.0,450000.0
list.am,24112466,"2 սենյականոց բնակարան նորակառույց շենքում Արգիշտիի փողոցում կենտրոնում, 75 քմ, նախավերջին հարկ",450000.0,AMD,monthly,Kentron,2,75.0,13,14,2026-08-19 13:00:34.544074+00:00,Կենտրոն,Yerevan,2026-08-19,2026-08-19,1.0,450000.0
list.am,23391815,"2 սենյականոց բնակարան նորակառույց շենքում Արշակունյաց պողոտայում կենտրոնում, 60 քմ, 6/18 հարկ",1200.0,USD,monthly,Kentron,2,60.0,6,18,2026-08-19 13:00:34.544074+00:00,Կենտրոն,Yerevan,2026-08-19,2026-08-19,364.96,437952.0
list.am,23394158,"2 սենյականոց բնակարան նորակառույց շենքում Գրիբոյեդովի փողոցում Արաբկիրում, 70 քմ, նախավերջին հարկ",400000.0,AMD,monthly,Arabkir,2,70.0,15,16,2026-08-19 13:00:34.544074+00:00,Արաբկիր,Yerevan,2026-08-19,2026-08-19,1.0,400000.0
list.am,23390311,"Ընդարձակ 1 սենյականոց բնակարան նորակառույց շենքում Բաղրամյան պողոտայում Արաբկիրում, 60 քմ",350000.0,AMD,monthly,Arabkir,1,60.0,10,15,2026-08-19 13:00:34.544074+00:00,Արաբկիր,Yerevan,2026-08-19,2026-08-19,1.0,350000.0
list.am,23936881,"3 սենյականոց բնակարան նորակառույց շենքում Կարապետ Ուլնեցու փողոցում Քանաքեռ-Զեյթունում, 110 քմ",390000.0,AMD,monthly,Kanaker-Zeytun,3,110.0,7,16,2026-08-19 13:00:34.544074+00:00,Քանաքեռ-Զեյթուն,Yerevan,2026-08-19,2026-08-19,1.0,390000.0
list.am,24043529,"3 սենյականոց բնակարան նորակառույց շենքում Կարապետ Ուլնեցու փողոցում Քանաքեռ-Զեյթունում, 75 քմ",340000.0,AMD,monthly,Kanaker-Zeytun,3,75.0,8,17,2026-08-19 13:00:34.544074+00:00,Քանաքեռ-Զեյթուն,Yerevan,2026-08-19,2026-08-19,1.0,340000.0
list.am,24088669,"2 սենյականոց բնակարան նորակառույց շենքում Կոմիտասի պողոտայում Արաբկիրում, 73 քմ, 11/18 հարկ",400000.0,AMD,monthly,Arabkir,2,73.0,11,18,2026-08-19 13:00:34.544074+00:00,Արաբկիր,Yerevan,2026-08-19,2026-08-19,1.0,400000.0
list.am,23283534,"3 սենյականոց բնակարան Կոմիտասի պողոտայում Արաբկիրում, 74 քմ, նախավերջին հարկ, քարե շենք",380000.0,AMD,monthly,Arabkir,3,74.0,4,5,2026-08-19 13:00:34.544074+00:00,Արաբկիր,Yerevan,2026-08-19,2026-08-19,1.0,380000.0
list.am,24112171,"2 սենյականոց բնակարան Դավթաշեն 1-ին թաղամասում Դավթաշենում, 64 քմ, 7/14 հարկ",250000.0,AMD,monthly,Davtashen,2,64.0,7,14,2026-08-19 13:00:34.544074+00:00,Դավթաշեն,Yerevan,2026-08-19,2026-08-19,1.0,250000.0
list.am,20323036,"3 սենյականոց բնակարան նորակառույց շենքում Ամիրյան փողոցում կենտրոնում, 70 քմ, 3/5 հարկ",2200.0,USD,monthly,Kentron,3,70.0,3,5,2026-08-19 13:00:34.544074+00:00,Կենտրոն,Yerevan,2026-08-19,2026-08-19,364.96,802912.0
list.am,24111966,"3 սենյականոց բնակարան Հին երևանցու փողոցում կենտրոնում, 75 քմ, 5/11 հարկ, բարձր առաստաղներ",530000.0,AMD,monthly,Kentron,3,75.0,5,11,2026-08-19 13:00:34.544074+00:00,Կենտրոն,Yerevan,2026-08-19,2026-08-19,1.0,530000.0
list.am,21850290,"2 սենյականոց բնակարան նորակառույց շենքում Կարապետ Ուլնեցու փողոցում Քանաքեռ-Զեյթունում, 70 քմ",450000.0,AMD,monthly,Kanaker-Zeytun,2,70.0,15,16,2026-08-19 13:00:34.544074+00:00,Քանաքեռ-Զեյթուն,Yerevan,2026-08-19,2026-08-19,1.0,450000.0
list.am,22205621,"2 սենյականոց բնակարան նորակառույց շենքում Կարապետ Ուլնեցու փողոցում Քանաքեռ-Զեյթունում, 70 քմ",350000.0,AMD,monthly,Kanaker-Zeytun,2,70.0,3,16,2026-08-19 13:00:34.544074+00:00,Քանաքեռ-Զեյթուն,Yerevan,2026-08-19,2026-08-19,1.0,350000.0
list.am,18692284,"3 սենյականոց բնակարան նորակառույց շենքում Վարդանանց փողոցում կենտրոնում, 103 քմ, 20/24 հարկ",1800.0,USD,monthly,Kentron,3,103.0,20,24,2026-08-19 13:00:34.544074+00:00,Կենտրոն,Yerevan,2026-08-19,2026-08-19,364.96,656928.0
list.am,23783936,"1 սենյականոց բնակարան Կոմիտասի պողոտայում Արաբկիրում, 35 քմ, 3/5 հարկ, քարե շենք",300000.0,AMD,monthly,Arabkir,1,35.0,3,5,2026-08-19 13:00:34.544074+00:00,Արաբկիր,Yerevan,2026-08-19,2026-08-19,1.0,300000.0
list.am,24111444,"2 սենյականոց բնակարան նորակառույց շենքում Փավստոս Բուզանդի փողոցում կենտրոնում, 72 քմ, 9/14 հարկ",600000.0,AMD,monthly,Kentron,2,72.0,9,14,2026-08-19 13:00:34.544074+00:00,Կենտրոն,Yerevan,2026-08-19,2026-08-19,1.0,600000.0
list.am,24111330,"3 սենյականոց բնակարան Փավստոս Բուզանդի փողոցում կենտրոնում, 90 քմ, բարձր առաստաղներ, քարե շենք",350000.0,AMD,monthly,Kentron,3,90.0,5,5,2026-08-19 13:00:34.544074+00:00,Կենտրոն,Yerevan,2026-08-19,2026-08-19,1.0,350000.0
list.am,24074976,"3 սենյականոց բնակարան նորակառույց շենքում Մոնթե Մելքոնյան փողոցում Մալաթիա-Սեբաստիայում, 77 քմ",400000.0,AMD,monthly,Malatia-Sebastia,3,77.0,14,14,2026-08-19 13:00:34.544074+00:00,Մալաթիա-Սեբաստիա,Yerevan,2026-08-19,2026-08-19,1.0,400000.0
list.am,20043183,"4 սենյականոց բնակարան Ջիվանու փողոցի 2-րդ նրբանցքում Մալաթիա-Սեբաստիայում, 200 քմ, 1/1 հարկ",350000.0,AMD,monthly,Malatia-Sebastia,4,200.0,1,1,2026-08-19 13:00:34.544074+00:00,Մալաթիա-Սեբաստիա,Yerevan,2026-08-19,2026-08-19,1.0,350000.0
list.am,24094595,"2 սենյականոց բնակարան Մաշտոցի պողոտայում կենտրոնում, 45 քմ, 3/5 հարկ, բարձր առաստաղներ, քարե շենք",500000.0,AMD,monthly,Kentron,2,45.0,3,5,2026-08-19 13:00:34.544074+00:00,Կենտրոն,Yerevan,2026-08-19,2026-08-19,1.0,500000.0
list.am,24110539,"3 սենյականոց բնակարան Պարույր Սևակի փողոցում Քանաքեռ-Զեյթունում, 81 քմ, նախավերջին հարկ",330000.0,AMD,monthly,Kanaker-Zeytun,3,81.0,8,9,2026-08-19 13:00:34.544074+00:00,Քանաքեռ-Զեյթուն,Yerevan,2026-08-19,2026-08-19,1.0,330000.0
list.am,23508588,"2 սենյականոց բնակարան նորակառույց շենքում, Արշակունյաց պողոտա 18\4 կենտրոնում, 60 քմ, 7/20 հարկ",2500.0,USD,monthly,Kentron,2,60.0,7,20,2026-08-19 13:00:34.544074+00:00,Կենտրոն,Yerevan,2026-08-19,2026-08-19,364.96,912400.0
list.am,22746674,"3 սենյականոց բնակարան նորակառույց շենքում Ադոնցի փողոցում Արաբկիրում, 84 քմ, 8/17 հարկ",330000.0,AMD,monthly,Arabkir,3,84.0,8,17,2026-08-19 13:00:34.544074+00:00,Արաբկիր,Yerevan,2026-08-19,2026-08-19,1.0,330000.0
list.am,24104027,"4 սենյականոց բնակարան Կոմիտասի պողոտայում Արաբկիրում, 72 քմ, 5/9 հարկ",400000.0,AMD,monthly,Arabkir,4,72.0,5,9,2026-08-19 13:00:34.544074+00:00,Արաբկիր,Yerevan,2026-08-19,2026-08-19,1.0,400000.0
list.am,22816420,"2 սենյականոց բնակարան Խորենացու փողոցում կենտրոնում, 70 քմ, 11/16 հարկ",280000.0,AMD,monthly,Kentron,2,70.0,11,16,2026-08-19 13:00:34.544074+00:00,Կենտրոն,Yerevan,2026-08-19,2026-08-19,1.0,280000.0
list.am,24078184,"3 սենյականոց բնակարան Կոմիտասի պողոտայում Արաբկիրում, 78 քմ, բարձր առաստաղներ, քարե շենք",360000.0,AMD,monthly,Arabkir,3,78.0,4,4,2026-08-19 13:00:34.544074+00:00,Արաբկիր,Yerevan,2026-08-19,2026-08-19,1.0,360000.0
list.am,21918567,"3 սենյականոց բնակարան նորակառույց շենքում Ավետիս Ահարոնյան փողոցում Քանաքեռ-Զեյթունում, 102 քմ",350000.0,AMD,monthly,Kanaker-Zeytun,3,102.0,14,15,2026-08-19 13:00:34.544074+00:00,Քանաքեռ-Զեյթուն,Yerevan,2026-08-19,2026-08-19,1.0,350000.0
list.am,24087418,"3 սենյականոց բնակարան Հին երևանցու փողոցում կենտրոնում, 72 քմ, 5/9 հարկ",530000.0,AMD,monthly,Kentron,3,72.0,5,9,2026-08-19 13:00:34.544074+00:00,Կենտրոն,Yerevan,2026-08-19,2026-08-19,1.0,530000.0
list.am,24069532,"4 սենյականոց բնակարան նորակառույց շենքում Ուլնեցի փողոցում Քանաքեռ-Զեյթունում, 140 քմ, 13/15 հարկ",700000.0,AMD,monthly,Kanaker-Zeytun,4,140.0,13,15,2026-08-19 13:00:34.544074+00:00,Քանաքեռ-Զեյթուն,Yerevan,2026-08-19,2026-08-19,1.0,700000.0
list.am,22720860,"3 սենյականոց բնակարան Պապ Թագավորի փողոցում կենտրոնում, 68 քմ, 13/16 հարկ",450000.0,AMD,monthly,Kentron,3,68.0,13,16,2026-08-19 13:00:34.544074+00:00,Կենտրոն,Yerevan,2026-08-19,2026-08-19,1.0,450000.0
list.am,19904859,"3 սենյականոց բնակարան նորակառույց շենքում Կարապետ Ուլնեցու փողոցում Քանաքեռ-Զեյթունում, 75 քմ",600000.0,AMD,monthly,Kanaker-Zeytun,3,75.0,13,15,2026-08-19 13:00:34.544074+00:00,Քանաքեռ-Զեյթուն,Yerevan,2026-08-19,2026-08-19,1.0,600000.0
list.am,24083104,"2 սենյականոց բնակարան Խորենացու փողոցում կենտրոնում, 48 քմ, 4/16 հարկ",270000.0,AMD,monthly,Kentron,2,48.0,4,16,2026-08-19 13:00:34.544074+00:00,Կենտրոն,Yerevan,2026-08-19,2026-08-19,1.0,270000.0
list.am,24058749,"3 սենյականոց բնակարան նորակառույց շենքում Կոմիտասի պողոտայում Արաբկիրում, 70 քմ, 5/15 հարկ",500000.0,AMD,monthly,Arabkir,3,70.0,5,15,2026-08-19 13:00:34.544074+00:00,Արաբկիր,Yerevan,2026-08-19,2026-08-19,1.0,500000.0
list.am,23962913,"2 սենյականոց բնակարան նորակառույց շենքում Վերին Անտառային փողոցում կենտրոնում, 55 քմ",1000.0,USD,monthly,Kentron,2,55.0,5,5,2026-08-19 13:00:34.544074+00:00,Կենտրոն,Yerevan,2026-08-19,2026-08-19,364.96,364960.0
list.am,24090765,"2 սենյականոց բնակարան նորակառույց շենքում Սեբաստիայի փողոցում Մալաթիա-Սեբաստիայում, 48 քմ, 4/14 հարկ",350000.0,AMD,monthly,Malatia-Sebastia,2,48.0,4,14,2026-08-19 13:00:34.544074+00:00,Մալաթիա-Սեբաստիա,Yerevan,2026-08-19,2026-08-19,1.0,350000.0
list.am,24093148,"2 սենյականոց բնակարան նորակառույց շենքում Մինաս Ավետիսյանի 4-րդ փողոցում Արաբկիրում, 48 քմ",380000.0,AMD,monthly,Arabkir,2,48.0,8,9,2026-08-19 13:00:34.544074+00:00,Արաբկիր,Yerevan,2026-08-19,2026-08-19,1.0,380000.0
list.am,24093459,"2 սենյականոց բնակարան նորակառույց շենքում Կոմիտասի պողոտայում Արաբկիրում, 68 քմ, 15/20 հարկ",500000.0,AMD,monthly,Arabkir,2,68.0,15,20,2026-08-19 13:00:34.544074+00:00,Արաբկիր,Yerevan,2026-08-19,2026-08-19,1.0,500000.0
list.am,24093466,"2 սենյականոց բնակարան նորակառույց շենքում Պարույր Սևակի փողոցում Քանաքեռ-Զեյթունում, 74 քմ",340000.0,AMD,monthly,Kanaker-Zeytun,2,74.0,16,16,2026-08-19 13:00:34.544074+00:00,Քանաքեռ-Զեյթուն,Yerevan,2026-08-19,2026-08-19,1.0,340000.0
list.am,24093077,"3 սենյականոց բնակարան նորակառույց շենքում Նիկողայոս Տիգրանյան փողոցում Արաբկիրում, 91 քմ, 6/12 հարկ",750000.0,AMD,monthly,Arabkir,3,91.0,6,12,2026-08-19 13:00:34.544074+00:00,Արաբկիր,Yerevan,2026-08-19,2026-08-19,1.0,750000.0
list.am,23936920,"2 սենյականոց բնակարան նորակառույց շենքում Ադոնցի փողոցում Արաբկիրում, 50 քմ, 5/8 հարկ",400000.0,AMD,monthly,Arabkir,2,50.0,5,8,2026-08-19 13:00:34.544074+00:00,Արաբկիր,Yerevan,2026-08-19,2026-08-19,1.0,400000.0
list.am,23936790,"3 սենյականոց բնակարան նորակառույց շենքում Արամի փողոցում կենտրոնում, 140 քմ, 6/17 հարկ",3000.0,USD,monthly,Kentron,3,140.0,6,17,2026-08-19 13:00:34.544074+00:00,Կենտրոն,Yerevan,2026-08-19,2026-08-19,364.96,1094880.0
list.am,23942234,"2 սենյականոց բնակարան նորակառույց շենքում Գևորգ Չաուշի փողոցում Աջափնյակում, 48 քմ, 6/12 հարկ",320000.0,AMD,monthly,Ajapnyak,2,48.0,6,12,2026-08-19 13:00:34.544074+00:00,Աջափնյակ,Yerevan,2026-08-19,2026-08-19,1.0,320000.0
list.am,23942231,"3 սենյականոց բնակարան նորակառույց շենքում Կոմիտասի պողոտայում Արաբկիրում, 100 քմ, նախավերջին հարկ",500000.0,AMD,monthly,Arabkir,3,100.0,17,18,2026-08-19 13:00:34.544074+00:00,Արաբկիր,Yerevan,2026-08-19,2026-08-19,1.0,500000.0
list.am,24105448,"3 սենյականոց բնակարան նորակառույց շենքում Կոմիտասի պողոտայում Արաբկիրում, 70 քմ, 8/16 հարկ",500000.0,AMD,monthly,Arabkir,3,70.0,8,16,2026-08-19 13:00:34.544074+00:00,Արաբկիր,Yerevan,2026-08-19,2026-08-19,1.0,500000.0
list.am,23469477,"2 սենյականոց բնակարան նորակառույց շենքում Արշակունյաց պողոտայում կենտրոնում, 55 քմ, 7/20 հարկ",900000.0,AMD,monthly,Kentron,2,55.0,7,20,2026-08-19 13:00:34.544074+00:00,Կենտրոն,Yerevan,2026-08-19,2026-08-19,1.0,900000.0
list.am,22806581,"2 սենյականոց բնակարան Զորավար Անդրանիկի փողոցում Մալաթիա-Սեբաստիայում, 72 քմ, 4/14 հարկ",300000.0,AMD,monthly,Malatia-Sebastia,2,72.0,4,14,2026-08-19 13:00:34.544074+00:00,Մալաթիա-Սեբաստիա,Yerevan,2026-08-19,2026-08-19,1.0,300000.0
list.am,23980754,"2 սենյականոց բնակարան նորակառույց շենքում Ադոնցի փողոցում Արաբկիրում, 55 քմ, 4/8 հարկ",320000.0,AMD,monthly,Arabkir,2,55.0,4,8,2026-08-19 13:00:34.544074+00:00,Արաբկիր,Yerevan,2026-08-19,2026-08-19,1.0,320000.0
list.am,23980766,"4 սենյականոց բնակարան նորակառույց շենքում Սերո Խանզադյան փողոցում Նոր Նորքում, 70 քմ",400000.0,AMD,monthly,Nor Nork,4,70.0,10,11,2026-08-19 13:00:34.544074+00:00,Նոր Նորք,Yerevan,2026-08-19,2026-08-19,1.0,400000.0
list.am,24103834,"3 սենյականոց բնակարան Քաջազնունու փողոցում կենտրոնում, 98 քմ, 2 սանհանգույց",400000.0,AMD,monthly,Kentron,3,98.0,9,9,2026-08-19 13:00:34.544074+00:00,Կենտրոն,Yerevan,2026-08-19,2026-08-19,1.0,400000.0
list.am,24103804,"2 սենյականոց բնակարան նորակառույց շենքում Քըրք Քըրքորյան փողոցում Մալաթիա-Սեբաստիայում, 54 քմ",320000.0,AMD,monthly,Malatia-Sebastia,2,54.0,7,16,2026-08-19 13:00:34.544074+00:00,Մալաթիա-Սեբաստիա,Yerevan,2026-08-19,2026-08-19,1.0,320000.0
list.am,24089905,"3 սենյականոց բնակարան Նարեկացու թաղամասում Ավանում, 85 քմ, 4/9 հարկ",300000.0,AMD,monthly,Avan,3,85.0,4,9,2026-08-19 13:00:34.544074+00:00,Ավան,Yerevan,2026-08-19,2026-08-19,1.0,300000.0
list.am,24038995,"3 սենյականոց բնակարան Գրիբոյեդովի փողոցում Արաբկիրում, 100 քմ, 1/5 հարկ, 2 սանհանգույց, քարե շենք",400000.0,AMD,monthly,Arabkir,3,100.0,1,5,2026-08-19 13:00:34.544074+00:00,Արաբկիր,Yerevan,2026-08-19,2026-08-19,1.0,400000.0
list.am,23963677,"2 սենյականոց բնակարան Նիկողայոս Տիգրանյան փողոցում Արաբկիրում, 60 քմ, նախավերջին հարկ, քարե շենք",400000.0,AMD,monthly,Arabkir,2,60.0,4,5,2026-08-19 13:00:34.544074+00:00,Արաբկիր,Yerevan,2026-08-19,2026-08-19,1.0,400000.0
list.am,24076865,"3 սենյականոց բնակարան նորակառույց շենքում Ադոնցի փողոցում Արաբկիրում, 95 քմ, 2/8 հարկ, 2 սանհանգույց",500000.0,AMD,monthly,Arabkir,3,95.0,2,8,2026-08-19 13:00:34.544074+00:00,Արաբկիր,Yerevan,2026-08-19,2026-08-19,1.0,500000.0
list.am,23855791,"3 սենյականոց բնակարան նորակառույց շենքում Կոմիտասի պողոտայում Արաբկիրում, 75 քմ, 9/20 հարկ",450000.0,AMD,monthly,Arabkir,3,75.0,9,20,2026-08-19 13:00:34.544074+00:00,Արաբկիր,Yerevan,2026-08-19,2026-08-19,1.0,450000.0
list.am,24080782,"2 սենյականոց բնակարան Հին երևանցու փողոցում կենտրոնում, 50 քմ, բարձր առաստաղներ",600000.0,AMD,monthly,Kentron,2,50.0,11,11,2026-08-19 13:00:34.544074+00:00,Կենտրոն,Yerevan,2026-08-19,2026-08-19,1.0,600000.0
list.am,21937741,"2 սենյականոց բնակարան Հին երևանցու փողոցում կենտրոնում, 78 քմ, 2 սանհանգույց, բարձր առաստաղներ",450000.0,AMD,monthly,Kentron,2,78.0,11,11,2026-08-19 13:00:34.544074+00:00,Կենտրոն,Yerevan,2026-08-19,2026-08-19,1.0,450000.0
list.am,24101319,"2 սենյականոց բնակարան նորակառույց շենքում Պարույր Սևակի փողոցում Քանաքեռ-Զեյթունում, 74 քմ",340000.0,AMD,monthly,Kanaker-Zeytun,2,74.0,8,16,2026-08-19 13:00:34.544074+00:00,Քանաքեռ-Զեյթուն,Yerevan,2026-08-19,2026-08-19,1.0,340000.0
list.am,23373059,"3 սենյականոց բնակարան Եզնիկ Կողբացու փողոցում կենտրոնում, 85 քմ, 6/9 հարկ, բարձր առաստաղներ",580000.0,AMD,monthly,Kentron,3,85.0,6,9,2026-08-19 13:00:34.544074+00:00,Կենտրոն,Yerevan,2026-08-19,2026-08-19,1.0,580000.0
list.am,24066418,"1 սենյականոց բնակարան Շիրազի փողոցում Աջափնյակում, 42 քմ, 5/9 հարկ, բարձր առաստաղներ",250000.0,AMD,monthly,Ajapnyak,1,42.0,5,9,2026-08-19 13:00:34.544074+00:00,Աջափնյակ,Yerevan,2026-08-19,2026-08-19,1.0,250000.0
list.am,23968333,"4 սենյականոց բնակարան Նալբանդյան փողոցում կենտրոնում, 90 քմ, 2/10 հարկ, 2 սանհանգույց",700000.0,AMD,monthly,Kentron,4,90.0,2,10,2026-08-19 13:00:34.544074+00:00,Կենտրոն,Yerevan,2026-08-19,2026-08-19,1.0,700000.0
list.am,24023265,"3 սենյականոց բնակարան Հրաչյա Ներսիսյան փողոցում Քանաքեռ-Զեյթունում, 72 քմ, նախավերջին հարկ",600000.0,AMD,monthly,Kanaker-Zeytun,3,72.0,3,4,2026-08-19 13:00:34.544074+00:00,Քանաքեռ-Զեյթուն,Yerevan,2026-08-19,2026-08-19,1.0,600000.0
list.am,24085728,"2 սենյականոց բնակարան Ռուբինյանց փողոցում Քանաքեռ-Զեյթունում, 60 քմ, նախավերջին հարկ, քարե շենք",250000.0,AMD,monthly,Kanaker-Zeytun,2,60.0,4,5,2026-08-19 13:00:34.544074+00:00,Քանաքեռ-Զեյթուն,Yerevan,2026-08-19,2026-08-19,1.0,250000.0
list.am,18958201,"2 սենյականոց բնակարան Հին երևանցու փողոցում կենտրոնում, 50 քմ, 5/11 հարկ, բարձր առաստաղներ",420000.0,AMD,monthly,Kentron,2,50.0,5,11,2026-08-19 13:00:34.544074+00:00,Կենտրոն,Yerevan,2026-08-19,2026-08-19,1.0,420000.0
list.am,23882060,"2 սենյականոց բնակարան Քաջազնունու փողոցում կենտրոնում, 54 քմ, 2/5 հարկ, 2 սանհանգույց, քարե շենք",400000.0,AMD,monthly,Kentron,2,54.0,2,5,2026-08-19 13:00:34.544074+00:00,Կենտրոն,Yerevan,2026-08-19,2026-08-19,1.0,400000.0
list.am,24089687,"3 սենյականոց բնակարան նորակառույց շենքում Արգիշտիի փողոցում կենտրոնում, 60 քմ, 3/14 հարկ",350000.0,AMD,monthly,Kentron,3,60.0,3,14,2026-08-19 13:00:34.544074+00:00,Կենտրոն,Yerevan,2026-08-19,2026-08-19,1.0,350000.0
list.am,22876900,"3 սենյականոց բնակարան նորակառույց շենքում Կոմիտասի պողոտայում Արաբկիրում, 95 քմ, բարձր առաստաղներ",360000.0,AMD,monthly,Arabkir,3,95.0,13,13,2026-08-19 13:00:34.544074+00:00,Արաբկիր,Yerevan,2026-08-19,2026-08-19,1.0,360000.0
list.am,21986703,"2 սենյականոց բնակարան Թումանյան փողոցում կենտրոնում, 70 քմ, 3/5 հարկ, բարձր առաստաղներ, քարե շենք",350000.0,AMD,monthly,Kentron,2,70.0,3,5,2026-08-19 13:00:34.544074+00:00,Կենտրոն,Yerevan,2026-08-19,2026-08-19,1.0,350000.0
list.am,20951561,"3 սենյականոց բնակարան նորակառույց շենքում Վերին Անտառային փողոցում կենտրոնում, 120 քմ, 2/4 հարկ",3300.0,USD,monthly,Kentron,3,120.0,2,4,2026-08-19 13:00:34.544074+00:00,Կենտրոն,Yerevan,2026-08-19,2026-08-19,364.96,1204368.0
list.am,23979665,"2 սենյականոց բնակարան Պարոնյան փողոցում կենտրոնում, 70 քմ, 9/14 հարկ",280000.0,AMD,monthly,Kentron,2,70.0,9,14,2026-08-19 13:00:34.544074+00:00,Կենտրոն,Yerevan,2026-08-19,2026-08-19,1.0,280000.0
list.am,24080549,"2 սենյականոց բնակարան Բաբայան փողոցում կենտրոնում, 58 քմ, 2/5 հարկ, բարձր առաստաղներ, քարե շենք",280000.0,AMD,monthly,Kentron,2,58.0,2,5,2026-08-19 13:03:38.413540+00:00,Կենտրոն,Yerevan,2026-08-19,2026-08-19,1.0,280000.0
list.am,24031413,"3 room apartment on Khrimyan Hayrik Highway in Gyumri, 86 sq.m., second to last floor",110000.0,AMD,monthly,,3,86.0,4,5,2026-08-23 02:04:45.125420+00:00,Gyumri,Gyumri,2026-08-23,2026-08-23,1.0,110000.0
list.am,20724486,"1 room apartment in a new building in Mush 2 District in Gyumri, 40 sq.m., 2/4 floor, stone building",80000.0,AMD,monthly,,1,40.0,2,4,2026-08-23 02:04:45.125420+00:00,Gyumri,Gyumri,2026-08-23,2026-08-23,1.0,80000.0
list.am,24073120,"2 room apartment on Minas Avetisyan Street in Gyumri, 72 sq.m., 1/4 floor",80000.0,AMD,monthly,,2,72.0,1,4,2026-08-23 02:04:45.125420+00:00,Gyumri,Gyumri,2026-08-23,2026-08-23,1.0,80000.0
list.am,24116907,"2 room apartment, kvartal Aragats-2 in Gyumri, 68 sq.m., 1/9 floor",230000.0,AMD,monthly,,2,68.0,1,9,2026-08-23 02:04:45.125420+00:00,Gyumri,Gyumri,2026-08-23,2026-08-23,1.0,230000.0
list.am,22120643,"4 room apartment on Movses Khorenatsi Street in Gyumri, 100 sq.m., 2/5 floor, stone building",200000.0,AMD,monthly,,4,100.0,2,5,2026-08-23 02:04:45.125420+00:00,Gyumri,Gyumri,2026-08-23,2026-08-23,1.0,200000.0
list.am,24133997,"4 room apartment in a new building on Yeghishe Charents Street in Gyumri, 105 sq.m., 2/4 floor",130000.0,AMD,monthly,,4,105.0,2,4,2026-08-23 02:04:45.125420+00:00,Gyumri,Gyumri,2026-08-23,2026-08-23,1.0,130000.0
list.am,24111808,"1 room apartment on Maxim Gorki Street in Gyumri, 31 sq.m., 2/4 floor, stone building",148000.0,AMD,monthly,,1,31.0,2,4,2026-08-23 02:04:45.125420+00:00,Gyumri,Gyumri,2026-08-23,2026-08-23,1.0,148000.0
list.am,24106743,"2 room apartment on Haghtanak Avenue in Gyumri, 54 sq.m., 2/4 floor, stone building",162000.0,AMD,monthly,,2,54.0,2,4,2026-08-23 02:04:45.125420+00:00,Gyumri,Gyumri,2026-08-23,2026-08-23,1.0,162000.0
list.am,23928522,"3 room apartment in a new building on Minas Avetisyan Street in Gyumri, 82 sq.m., 1/4 floor",150000.0,AMD,monthly,,3,82.0,1,4,2026-08-23 02:04:45.125420+00:00,Gyumri,Gyumri,2026-08-23,2026-08-23,1.0,150000.0
list.am,24132044,"Spacious 1 room apartment on Paruyr Sevak Street in Gyumri, 56 sq.m., 2/4 floor, stone building",150000.0,AMD,monthly,,1,56.0,2,4,2026-08-23 02:04:45.125420+00:00,Gyumri,Gyumri,2026-08-23,2026-08-23,1.0,150000.0
list.am,23450779,"4 room apartment on Movses Khorenatsi Street in Gyumri, 83 sq.m.",115000.0,AMD,monthly,,4,83.0,4,4,2026-08-23 02:04:45.125420+00:00,Gyumri,Gyumri,2026-08-23,2026-08-23,1.0,115000.0
list.am,20952685,"1 room apartment on Lisinyan Street in Gyumri, 30 sq.m., 2/2 floor",90000.0,AMD,monthly,,1,30.0,2,2,2026-08-23 02:04:45.125420+00:00,Gyumri,Gyumri,2026-08-23,2026-08-23,1.0,90000.0
list.am,22932667,"4 room apartment on Maxim Gorki Street in Gyumri, 100 sq.m., 1/2 floor, stone building",130000.0,AMD,monthly,,4,100.0,1,2,2026-08-23 02:04:45.125420+00:00,Gyumri,Gyumri,2026-08-23,2026-08-23,1.0,130000.0
list.am,23584794,"2 room apartment on Minas Avetisyan Street in Gyumri, 72 sq.m., 1/4 floor, bricks building",120000.0,AMD,monthly,,2,72.0,1,4,2026-08-23 02:04:45.125420+00:00,Gyumri,Gyumri,2026-08-23,2026-08-23,1.0,120000.0
list.am,24047052,"3 room apartment in a new building on Khrimyan Hayrik Highway in Gyumri, 80 sq.m.",110000.0,AMD,monthly,,3,80.0,4,5,2026-08-23 02:04:45.125420+00:00,Gyumri,Gyumri,2026-08-23,2026-08-23,1.0,110000.0
list.am,21499608,"2 room apartment in Gyumri, 64 sq.m., 1/1 floor",60000.0,AMD,monthly,,2,64.0,1,1,2026-08-23 02:04:45.125420+00:00,Gyumri,Gyumri,2026-08-23,2026-08-23,1.0,60000.0
list.am,24129806,"4 room apartment on Nikolay Rizhkov Street in Gyumri, 100 sq.m., second to last floor",190000.0,AMD,monthly,,4,100.0,2,3,2026-08-23 02:04:45.125420+00:00,Gyumri,Gyumri,2026-08-23,2026-08-23,1.0,190000.0
list.am,20122828,"3 room apartment in Gyumri, 93 sq.m., high ceilings",70000.0,AMD,monthly,,3,93.0,6,6,2026-08-23 02:04:45.125420+00:00,Gyumri,Gyumri,2026-08-23,2026-08-23,1.0,70000.0
list.am,20916915,"1 room apartment in a new building in Mush 2 District in Gyumri, 44 sq.m., stone building",70000.0,AMD,monthly,,1,44.0,4,4,2026-08-23 02:04:45.125420+00:00,Gyumri,Gyumri,2026-08-23,2026-08-23,1.0,70000.0
list.am,19778363,"2 room apartment in a new building on Kutaisyan Street 1st Lane in Gyumri, 60 sq.m., stone building",120000.0,AMD,monthly,,2,60.0,4,4,2026-08-23 02:04:45.125420+00:00,Gyumri,Gyumri,2026-08-23,2026-08-23,1.0,120000.0
list.am,24128883,"2 room apartment in a new building, Մուշ 2-2 թաղամաս in Gyumri, 49 sq.m., 2/4 floor, bricks building",60000.0,AMD,monthly,,2,49.0,2,4,2026-08-23 02:04:45.125420+00:00,Gyumri,Gyumri,2026-08-23,2026-08-23,1.0,60000.0
list.am,24106996,"3 room apartment on Ghandilyan Street in Gyumri, 90 sq.m., second to last floor, stone building",125000.0,AMD,monthly,,3,90.0,3,4,2026-08-23 02:04:45.125420+00:00,Gyumri,Gyumri,2026-08-23,2026-08-23,1.0,125000.0
list.am,21419173,"2 room apartment on Khachatur Abovyan Street in Gyumri, 60 sq.m., 2 bathrooms, stone building",130000.0,AMD,monthly,,2,60.0,3,3,2026-08-23 02:04:45.125420+00:00,Gyumri,Gyumri,2026-08-23,2026-08-23,1.0,130000.0
list.am,23941930,"4 room apartment on Nikolay Rizhkov Street in Gyumri, 100 sq.m., second to last floor, high ceilings",190000.0,AMD,monthly,,4,100.0,2,3,2026-08-23 02:04:45.125420+00:00,Gyumri,Gyumri,2026-08-23,2026-08-23,1.0,190000.0
list.am,24127949,"2 room apartment, Մուշ 1 թաղամաս in Gyumri, 45 sq.m., second to last floor",75000.0,AMD,monthly,,2,45.0,3,4,2026-08-23 02:04:45.125420+00:00,Gyumri,Gyumri,2026-08-23,2026-08-23,1.0,75000.0
list.am,24127445,"2 room apartment on Maxim Gorki Street in Gyumri, 49 sq.m., 2/4 floor, stone building",162000.0,AMD,monthly,,2,49.0,2,4,2026-08-23 02:04:45.125420+00:00,Gyumri,Gyumri,2026-08-23,2026-08-23,1.0,162000.0
list.am,20653528,"2 room apartment in a new building, kvartal Aragats-2 in Gyumri, 64 sq.m., 1/4 floor",100000.0,AMD,monthly,,2,64.0,1,4,2026-08-23 02:04:45.125420+00:00,Gyumri,Gyumri,2026-08-23,2026-08-23,1.0,100000.0
list.am,23117479,"3 room apartment in a new building, 7-րդ փողոց in Gyumri, 110 sq.m., 2/2 floor, high ceilings",140000.0,AMD,monthly,,3,110.0,2,2,2026-08-23 02:04:45.125420+00:00,Gyumri,Gyumri,2026-08-23,2026-08-23,1.0,140000.0
list.am,21597450,"2 room apartment in a new building, Լեվոն Մադոյան փողոց in Gyumri, 65 sq.m., second to last floor",120000.0,AMD,monthly,,2,65.0,4,5,2026-08-23 02:04:45.125420+00:00,Gyumri,Gyumri,2026-08-23,2026-08-23,1.0,120000.0
list.am,24126167,"2 room apartment in Kazachiy post quarter in Gyumri, 60 sq.m., 1/4 floor, stone building",70000.0,AMD,monthly,,2,60.0,1,4,2026-08-23 02:04:45.125420+00:00,Gyumri,Gyumri,2026-08-23,2026-08-23,1.0,70000.0
list.am,22960930,"3 room apartment in a new building on Aragats Street in Gyumri, 85 sq.m., second to last floor",300000.0,AMD,monthly,,3,85.0,3,4,2026-08-23 02:04:45.125420+00:00,Gyumri,Gyumri,2026-08-23,2026-08-23,1.0,300000.0
list.am,23878100,"3 room apartment in a new building on Khrimyan Hayrik Highway in Gyumri, 76 sq.m., 2/4 floor",180000.0,AMD,monthly,,3,76.0,2,4,2026-08-23 02:04:45.125420+00:00,Gyumri,Gyumri,2026-08-23,2026-08-23,1.0,180000.0
list.am,22018126,"2 room apartment on Shcherbin Street in Gyumri, 36 sq.m., 1/4 floor, stone building",130000.0,AMD,monthly,,2,36.0,1,4,2026-08-23 02:04:45.125420+00:00,Gyumri,Gyumri,2026-08-23,2026-08-23,1.0,130000.0
list.am,24124677,"3 room apartment in a new building on Paruyr Sevak Street in Gyumri, 77 sq.m., 1/4 floor",120000.0,AMD,monthly,,3,77.0,1,4,2026-08-23 02:04:45.125420+00:00,Gyumri,Gyumri,2026-08-23,2026-08-23,1.0,120000.0
list.am,22221272,"2 room apartment in a new building on 11th Street in Gyumri, 55 sq.m., 1/4 floor, 2 bathrooms",130000.0,AMD,monthly,,2,55.0,1,4,2026-08-23 02:04:45.125420+00:00,Gyumri,Gyumri,2026-08-23,2026-08-23,1.0,130000.0
list.am,22851648,"2 room apartment in a new building on Vazgen Sargsyan Street in Gyumri, 60 sq.m., 1/4 floor",130000.0,AMD,monthly,,2,60.0,1,4,2026-08-23 02:04:45.125420+00:00,Gyumri,Gyumri,2026-08-23,2026-08-23,1.0,130000.0
list.am,22217818,"3 room apartment in Gyumri, 70 sq.m., 1/2 floor, high ceilings, stone building",200000.0,AMD,monthly,,3,70.0,1,2,2026-08-23 02:04:45.125420+00:00,Gyumri,Gyumri,2026-08-23,2026-08-23,1.0,200000.0
list.am,24124169,"2 room apartment in a new building on Kamo Street in Gyumri, 60 sq.m., 1/5 floor, stone building",120000.0,AMD,monthly,,2,60.0,1,5,2026-08-23 02:04:45.125420+00:00,Gyumri,Gyumri,2026-08-23,2026-08-23,1.0,120000.0
list.am,24124159,"2 room apartment on Yeghishe Charents Street in Gyumri, 42 sq.m., 1/3 floor",200000.0,AMD,monthly,,2,42.0,1,3,2026-08-23 02:04:45.125420+00:00,Gyumri,Gyumri,2026-08-23,2026-08-23,1.0,200000.0
list.am,22118018,"Spacious 1 room apartment in a new building on Trdat Chartarapet Street in Gyumri, 55 sq.m.",110000.0,AMD,monthly,,1,55.0,3,4,2026-08-23 02:04:45.125420+00:00,Gyumri,Gyumri,2026-08-23,2026-08-23,1.0,110000.0
list.am,24108212,"1 room apartment on Maxim Gorki Street in Gyumri, 32 sq.m., second to last floor, stone building",151500.0,AMD,monthly,,1,32.0,2,3,2026-08-23 02:04:45.125420+00:00,Gyumri,Gyumri,2026-08-23,2026-08-23,1.0,151500.0
list.am,24109108,"2 room apartment in a new building on Sayat-Nova Street in Gyumri, 60 sq.m., 1/2 floor",220000.0,AMD,monthly,,2,60.0,1,2,2026-08-23 02:04:45.125420+00:00,Gyumri,Gyumri,2026-08-23,2026-08-23,1.0,220000.0
list.am,24083282,"2 room apartment on 3rd Street in Gyumri, 65 sq.m., second to last floor",90000.0,AMD,monthly,,2,65.0,3,4,2026-08-23 02:04:45.125420+00:00,Gyumri,Gyumri,2026-08-23,2026-08-23,1.0,90000.0
list.am,24073718,"1 room apartment in a new building on Shirakatsi Street in Gyumri, 47 sq.m., second to last floor",160000.0,AMD,monthly,,1,47.0,3,4,2026-08-23 02:04:45.125420+00:00,Gyumri,Gyumri,2026-08-23,2026-08-23,1.0,160000.0
list.am,24073714,"Spacious 1 room apartment on Sayat-Nova Street in Gyumri, 61 sq.m., second to last floor",170000.0,AMD,monthly,,1,61.0,3,4,2026-08-23 02:04:45.125420+00:00,Gyumri,Gyumri,2026-08-23,2026-08-23,1.0,170000.0
list.am,24006714,"2 room apartment in a new building on 7th Street in Gyumri, 55 sq.m., 2/4 floor, stone building",120000.0,AMD,monthly,,2,55.0,2,4,2026-08-23 02:04:45.125420+00:00,Gyumri,Gyumri,2026-08-23,2026-08-23,1.0,120000.0
list.am,23843645,"1 room apartment on Sayat-Nova Street in Gyumri, 40 sq.m., 1/5 floor, stone building",200000.0,AMD,monthly,,1,40.0,1,5,2026-08-23 02:04:45.125420+00:00,Gyumri,Gyumri,2026-08-23,2026-08-23,1.0,200000.0
list.am,24075909,"3 room apartment on Maxim Gorki Street in Gyumri, 80 sq.m., second to last floor, stone building",130000.0,AMD,monthly,,3,80.0,3,4,2026-08-23 02:04:45.125420+00:00,Gyumri,Gyumri,2026-08-23,2026-08-23,1.0,130000.0
list.am,24067448,"2 room apartment on Mazmanyan Street in Gyumri, 65 sq.m., stone building",140000.0,AMD,monthly,,2,65.0,5,5,2026-08-23 02:04:45.125420+00:00,Gyumri,Gyumri,2026-08-23,2026-08-23,1.0,140000.0
list.am,24063348,"2 room apartment on Nikolay Rizhkov Street in Gyumri, 75 sq.m., 2/2 floor, stone building",250000.0,AMD,monthly,,2,75.0,2,2,2026-08-23 02:04:45.125420+00:00,Gyumri,Gyumri,2026-08-23,2026-08-23,1.0,250000.0
list.am,24059682,"3 room apartment on Charles Aznavour Street in Gyumri, 76 sq.m., 1/2 floor, stone building",230000.0,AMD,monthly,,3,76.0,1,2,2026-08-23 02:04:45.125420+00:00,Gyumri,Gyumri,2026-08-23,2026-08-23,1.0,230000.0
list.am,24121456,"2 room apartment in a new building, Ստեփան Շահումյանի փողոց in Gyumri, 50 sq.m., stone building",300000.0,AMD,monthly,,2,50.0,3,3,2026-08-23 02:04:45.125420+00:00,Gyumri,Gyumri,2026-08-23,2026-08-23,1.0,300000.0
list.am,24121454,"2 room apartment in a new building, Ստեփան Շահումյանի փողոց in Gyumri, 45 sq.m., stone building",270000.0,AMD,monthly,,2,45.0,3,3,2026-08-23 02:04:45.125420+00:00,Gyumri,Gyumri,2026-08-23,2026-08-23,1.0,270000.0
list.am,24120893,"2 room apartment on Minas Avetisyan Street in Gyumri, 61 sq.m.",80000.0,AMD,monthly,,2,61.0,4,4,2026-08-23 02:04:45.125420+00:00,Gyumri,Gyumri,2026-08-23,2026-08-23,1.0,80000.0
list.am,24120503,"3 room apartment on Yeghishe Charents Street in Gyumri, 80 sq.m., 2/4 floor",110000.0,AMD,monthly,,3,80.0,2,4,2026-08-23 02:04:45.125420+00:00,Gyumri,Gyumri,2026-08-23,2026-08-23,1.0,110000.0
list.am,21518788,"2 room apartment in a new building on Karen Demirchyan Street in Gyumri, 75 sq.m., 1/1 floor",100000.0,AMD,monthly,,2,75.0,1,1,2026-08-23 02:04:45.125420+00:00,Gyumri,Gyumri,2026-08-23,2026-08-23,1.0,100000.0
list.am,22945122,"3 room apartment on Sundukyan Street in Gyumri, 80 sq.m., 2/5 floor",180000.0,AMD,monthly,,3,80.0,2,5,2026-08-23 02:04:45.125420+00:00,Gyumri,Gyumri,2026-08-23,2026-08-23,1.0,180000.0
list.am,20505594,"3 room apartment in a new building on Shirakatsi Street in Gyumri, 79 sq.m., stone building",150000.0,AMD,monthly,,3,79.0,4,4,2026-08-23 02:04:45.125420+00:00,Gyumri,Gyumri,2026-08-23,2026-08-23,1.0,150000.0
list.am,24118443,"4 room apartment in a new building on Movses Khorenatsi Street in Gyumri, 120 sq.m., 1/4 floor",150000.0,AMD,monthly,,4,120.0,1,4,2026-08-23 02:04:45.125420+00:00,Gyumri,Gyumri,2026-08-23,2026-08-23,1.0,150000.0
list.am,24118442,"5 room apartment on Nikolay Rizhkov Street in Gyumri, 160 sq.m., 2/2 floor, 2 bathrooms",320000.0,AMD,monthly,,5,160.0,2,2,2026-08-23 02:04:45.125420+00:00,Gyumri,Gyumri,2026-08-23,2026-08-23,1.0,320000.0
list.am,23918782,"3 room apartment on 11th Street in Gyumri, 93 sq.m., 1/4 floor",160000.0,AMD,monthly,,3,93.0,1,4,2026-08-23 02:04:45.125420+00:00,Gyumri,Gyumri,2026-08-23,2026-08-23,1.0,160000.0
list.am,24116542,"2 room apartment in a new building on Gai Street in Gyumri, 65 sq.m., 2/2 floor, stone building",160000.0,AMD,monthly,,2,65.0,2,2,2026-08-23 02:04:45.125420+00:00,Gyumri,Gyumri,2026-08-23,2026-08-23,1.0,160000.0
list.am,22487073,"2 room apartment in a new building on Trdat Chartarapet Street in Gyumri, 63 sq.m.",180000.0,AMD,monthly,,2,63.0,4,4,2026-08-23 02:04:45.125420+00:00,Gyumri,Gyumri,2026-08-23,2026-08-23,1.0,180000.0
list.am,23822062,"3 room apartment on Bulvar Street in Gyumri, 64 sq.m., 1/9 floor",250000.0,AMD,monthly,,3,64.0,1,9,2026-08-23 02:04:45.125420+00:00,Gyumri,Gyumri,2026-08-23,2026-08-23,1.0,250000.0
list.am,23935606,"2 room apartment on Kamo Street in Gyumri, 53 sq.m., second to last floor, stone building",70000.0,AMD,monthly,,2,53.0,4,5,2026-08-23 02:04:45.125420+00:00,Gyumri,Gyumri,2026-08-23,2026-08-23,1.0,70000.0
list.am,23993754,"2 room apartment, Bagratunyac Square in Gyumri, 60 sq.m., 1/3 floor, stone building",150000.0,AMD,monthly,,2,60.0,1,3,2026-08-23 02:04:45.125420+00:00,Gyumri,Gyumri,2026-08-23,2026-08-23,1.0,150000.0
list.am,23711873,"4 room apartment on Nikolay Rizhkov Street in Gyumri, 174 sq.m., 2/2 floor, stone building",300000.0,AMD,monthly,,4,174.0,2,2,2026-08-23 02:04:45.125420+00:00,Gyumri,Gyumri,2026-08-23,2026-08-23,1.0,300000.0
list.am,23783167,"1 room apartment on Mikhail Saltykov-Shedrin Street in Gyumri, 32 sq.m., 1/2 floor, stone building",130000.0,AMD,monthly,,1,32.0,1,2,2026-08-23 02:04:45.125420+00:00,Gyumri,Gyumri,2026-08-23,2026-08-23,1.0,130000.0
list.am,23570875,"4 room apartment on Aram Khachatryan Street in Gyumri, 100 sq.m.",85000.0,AMD,monthly,,4,100.0,4,4,2026-08-23 02:04:45.125420+00:00,Gyumri,Gyumri,2026-08-23,2026-08-23,1.0,85000.0
list.am,24113589,"2 room apartment on Garegin Nzhdeh Avenue in Gyumri, 70 sq.m., 1/3 floor, stone building",350000.0,AMD,monthly,,2,70.0,1,3,2026-08-23 02:04:45.125420+00:00,Gyumri,Gyumri,2026-08-23,2026-08-23,1.0,350000.0
list.am,24113532,"3 room apartment on Tigran Mets Avenue in Gyumri, 75 sq.m., 2/2 floor, stone building",270000.0,AMD,monthly,,3,75.0,2,2,2026-08-23 02:04:45.125420+00:00,Gyumri,Gyumri,2026-08-23,2026-08-23,1.0,270000.0
list.am,23486058,"1 room apartment in a new building on Aram Khachatryan Street in Gyumri, 50 sq.m., 2/4 floor",55000.0,AMD,monthly,,1,50.0,2,4,2026-08-23 02:04:45.125420+00:00,Gyumri,Gyumri,2026-08-23,2026-08-23,1.0,55000.0
list.am,23754238,"3 room apartment, Գյումրի in Gyumri, 77 sq.m., 3/6 floor",80000.0,AMD,monthly,,3,77.0,3,6,2026-08-23 02:04:45.125420+00:00,Gyumri,Gyumri,2026-08-23,2026-08-23,1.0,80000.0
list.am,23383045,"3 room apartment on Trdat Chartarapet Street in Gyumri, 87 sq.m., second to last floor",200000.0,AMD,monthly,,3,87.0,3,4,2026-08-23 02:04:45.125420+00:00,Gyumri,Gyumri,2026-08-23,2026-08-23,1.0,200000.0
list.am,24069205,"1 room apartment in 3rd Street of Mush-2 Block in Gyumri, 44 sq.m., 1/4 floor, stone building",60000.0,AMD,monthly,,1,44.0,1,4,2026-08-23 02:04:45.125420+00:00,Gyumri,Gyumri,2026-08-23,2026-08-23,1.0,60000.0
list.am,24111074,"2 room apartment on Paruyr Sevak Street in Gyumri, 50 sq.m., 2/4 floor",135000.0,AMD,monthly,,2,50.0,2,4,2026-08-23 02:04:45.125420+00:00,Gyumri,Gyumri,2026-08-23,2026-08-23,1.0,135000.0
list.am,24111045,"5 room apartment in a new building on Trdat Chartarapet Street in Gyumri, 160 sq.m.",200000.0,AMD,monthly,,5,160.0,4,5,2026-08-23 02:04:45.125420+00:00,Gyumri,Gyumri,2026-08-23,2026-08-23,1.0,200000.0
list.am,24110857,"1 room apartment in a new building in 3rd Street of Mush-2 Block in Gyumri, 43 sq.m.",90000.0,AMD,monthly,,1,43.0,3,4,2026-08-23 02:04:45.125420+00:00,Gyumri,Gyumri,2026-08-23,2026-08-23,1.0,90000.0
list.am,23160737,"3 room apartment on K. Halabyan Street in Gyumri, 120 sq.m., 3/5 floor, high ceilings",150000.0,AMD,monthly,,3,120.0,3,5,2026-08-23 02:04:45.125420+00:00,Gyumri,Gyumri,2026-08-23,2026-08-23,1.0,150000.0
list.am,24108557,"3 room apartment on Aram Khachatryan Street in Gyumri, 80 sq.m., 2/4 floor",110000.0,AMD,monthly,,3,80.0,2,4,2026-08-23 02:04:45.125420+00:00,Gyumri,Gyumri,2026-08-23,2026-08-23,1.0,110000.0
list.am,24107821,"4 room apartment in a new building on Movses Khorenatsi Street in Gyumri, 100 sq.m., 2/4 floor",200000.0,AMD,monthly,,4,100.0,2,4,2026-08-23 02:04:45.125420+00:00,Gyumri,Gyumri,2026-08-23,2026-08-23,1.0,200000.0
list.am,22266346,"2 room apartment in a new building in Mush 2 District in Gyumri, 56 sq.m., 1/4 floor, high ceilings",100000.0,AMD,monthly,,2,56.0,1,4,2026-08-23 02:04:45.125420+00:00,Gyumri,Gyumri,2026-08-23,2026-08-23,1.0,100000.0
list.am,24106944,"2 room apartment on Yeghishe Charents Street in Gyumri, 65 sq.m., second to last floor",90000.0,AMD,monthly,,2,65.0,3,4,2026-08-23 02:04:45.125420+00:00,Gyumri,Gyumri,2026-08-23,2026-08-23,1.0,90000.0
list.am,22526216,"2 room apartment on Sayat-Nova Street in Gyumri, 45 sq.m., second to last floor, high ceilings",150000.0,AMD,monthly,,2,45.0,2,3,2026-08-23 02:04:45.125420+00:00,Gyumri,Gyumri,2026-08-23,2026-08-23,1.0,150000.0
list.am,23764339,"2 room apartment in a new building, Մուշ 2-2 թաղամաս in Gyumri, 56 sq.m., 1/4 floor",80000.0,AMD,monthly,,2,56.0,1,4,2026-08-23 02:04:45.125420+00:00,Gyumri,Gyumri,2026-08-23,2026-08-23,1.0,80000.0
list.am,23524064,"3 room apartment on Ghandilyan Street 1st Lane in Gyumri, 76 sq.m., 1/4 floor, high ceilings",120000.0,AMD,monthly,,3,76.0,1,4,2026-08-23 02:04:45.125420+00:00,Gyumri,Gyumri,2026-08-23,2026-08-23,1.0,120000.0
list.am,23299917,"4 room apartment on Spandaryan Street in Gyumri, 98 sq.m., second to last floor, stone building",350000.0,AMD,monthly,,4,98.0,2,3,2026-08-23 02:04:45.125420+00:00,Gyumri,Gyumri,2026-08-23,2026-08-23,1.0,350000.0
list.am,24104498,"4 room apartment on 11th Street in Gyumri, 96 sq.m., 1/4 floor, stone building",200000.0,AMD,monthly,,4,96.0,1,4,2026-08-23 02:04:45.125420+00:00,Gyumri,Gyumri,2026-08-23,2026-08-23,1.0,200000.0
list.am,22383545,"3 room apartment on Ghandilyan Street in Gyumri, 90 sq.m., second to last floor, high ceilings",150000.0,AMD,monthly,,3,90.0,3,4,2026-08-23 02:04:45.125420+00:00,Gyumri,Gyumri,2026-08-23,2026-08-23,1.0,150000.0
list.am,24102141,"2 room apartment in a new building on Shirakatsi Street in Gyumri, 45 sq.m., 1/4 floor",150000.0,AMD,monthly,,2,45.0,1,4,2026-08-23 02:04:45.125420+00:00,Gyumri,Gyumri,2026-08-23,2026-08-23,1.0,150000.0
list.am,23831734,"3 room apartment on Maxim Gorki Street in Gyumri, 90 sq.m., stone building",220000.0,AMD,monthly,,3,90.0,3,3,2026-08-23 02:04:45.125420+00:00,Gyumri,Gyumri,2026-08-23,2026-08-23,1.0,220000.0
list.am,24098389,"3 room apartment in a new building on Trdat Chartarapet Street in Gyumri, 90 sq.m., 1/4 floor",170000.0,AMD,monthly,,3,90.0,1,4,2026-08-23 02:04:45.125420+00:00,Gyumri,Gyumri,2026-08-23,2026-08-23,1.0,170000.0
list.am,24098380,"3 room apartment on Yeghishe Charents Street in Gyumri, 100 sq.m., 3/5 floor, high ceilings",100000.0,AMD,monthly,,3,100.0,3,5,2026-08-23 02:04:45.125420+00:00,Gyumri,Gyumri,2026-08-23,2026-08-23,1.0,100000.0
list.am,23710881,"3 room apartment on Trdat Chartarapet Street in Gyumri, 87 sq.m., second to last floor",200000.0,AMD,monthly,,3,87.0,3,4,2026-08-23 02:04:45.125420+00:00,Gyumri,Gyumri,2026-08-23,2026-08-23,1.0,200000.0
list.am,24085743,"2 room apartment in a new building on Karapet Ulnetsi Street in Kanaker-Zeytun, 68 sq.m., 5/17 floor",360000.0,AMD,monthly,Kanaker-Zeytun,2,68.0,5,17,2026-08-19 12:52:15.955691+00:00,Kanaker-Zeytun,Yerevan,2026-08-19,2026-08-19,1.0,360000.0
list.am,24019434,"2 սենյականոց բնակարան Բագրատունյաց փողոցում Շենգավիթում, 45 քմ, 3/5 հարկ, քարե շենք",225000.0,AMD,monthly,Shengavit,2,45.0,3,5,2026-08-19 13:04:03.116499+00:00,Շենգավիթ,Yerevan,2026-08-19,2026-08-19,1.0,225000.0
list.am,23651874,"3 սենյականոց բնակարան նորակառույց շենքում Արամի փողոցում կենտրոնում, 89 քմ, 5/10 հարկ",2500.0,USD,monthly,Kentron,3,89.0,5,10,2026-08-19 13:04:03.116499+00:00,Կենտրոն,Yerevan,2026-08-19,2026-08-19,364.96,912400.0
list.am,24072642,"2 սենյականոց բնակարան Տիգրան Պետրոսյան փողոցում Դավթաշենում, 35 քմ, 2/9 հարկ, բարձր առաստաղներ",300000.0,AMD,monthly,Davtashen,2,35.0,2,9,2026-08-19 13:03:50.965969+00:00,Դավթաշեն,Yerevan,2026-08-19,2026-08-19,1.0,300000.0
list.am,24037575,"3 սենյականոց բնակարան Հին երևանցու փողոցում կենտրոնում, 100 քմ",650000.0,AMD,monthly,Kentron,3,100.0,11,11,2026-08-19 13:03:50.965969+00:00,Կենտրոն,Yerevan,2026-08-19,2026-08-19,1.0,650000.0
list.am,23980529,"2 սենյականոց բնակարան Պարոնյան փողոցում կենտրոնում, 60 քմ, 9/14 հարկ",280000.0,AMD,monthly,Kentron,2,60.0,9,14,2026-08-19 13:03:50.965969+00:00,Կենտրոն,Yerevan,2026-08-19,2026-08-19,1.0,280000.0
list.am,23510437,"2 սենյականոց բնակարան նորակառույց շենքում Արշակունյաց պողոտայում կենտրոնում, 60 քմ, 7/20 հարկ",2500.0,USD,monthly,Kentron,2,60.0,7,20,2026-08-19 13:03:50.965969+00:00,Կենտրոն,Yerevan,2026-08-19,2026-08-19,364.96,912400.0
list.am,21680877,"3 սենյականոց բնակարան նորակառույց շենքում Հին երևանցու փողոցում կենտրոնում, 95 քմ, 7/11 հարկ",450000.0,AMD,monthly,Kentron,3,95.0,7,11,2026-08-19 13:03:50.965969+00:00,Կենտրոն,Yerevan,2026-08-19,2026-08-19,1.0,450000.0
list.am,23939811,"2 սենյականոց բնակարան Ռաֆայել Լեմկինի փողոցում կենտրոնում, 95 քմ, 2/9 հարկ, բարձր առաստաղներ",600000.0,AMD,monthly,Kentron,2,95.0,2,9,2026-08-19 13:03:50.965969+00:00,Կենտրոն,Yerevan,2026-08-19,2026-08-19,1.0,600000.0
list.am,23940559,"1 սենյականոց բնակարան Մաշտոցի պողոտայում կենտրոնում, 33 քմ, 2/5 հարկ, բարձր առաստաղներ, քարե շենք",380000.0,AMD,monthly,Kentron,1,33.0,2,5,2026-08-19 13:03:50.965969+00:00,Կենտրոն,Yerevan,2026-08-19,2026-08-19,1.0,380000.0
list.am,21878245,"2 սենյականոց բնակարան Հին երևանցու փողոցում կենտրոնում, 70 քմ, 3/10 հարկ, բարձր առաստաղներ",1300.0,USD,monthly,Kentron,2,70.0,3,10,2026-08-19 13:03:50.965969+00:00,Կենտրոն,Yerevan,2026-08-19,2026-08-19,364.96,474448.0
list.am,21879387,"2 սենյականոց բնակարան Հին երևանցու փողոցում կենտրոնում, 50 քմ, նախավերջին հարկ",1500.0,USD,monthly,Kentron,2,50.0,10,11,2026-08-19 13:03:50.965969+00:00,Կենտրոն,Yerevan,2026-08-19,2026-08-19,364.96,547440.0
list.am,22230913,"3 սենյականոց բնակարան Գարեգին Նժդեհի փողոցում Շենգավիթում, 78 քմ, 3/5 հարկ, քարե շենք",250000.0,AMD,monthly,Shengavit,3,78.0,3,5,2026-08-19 13:03:50.965969+00:00,Շենգավիթ,Yerevan,2026-08-19,2026-08-19,1.0,250000.0
list.am,22494381,"3 սենյականոց բնակարան նորակառույց շենքում Տերյան փողոցում կենտրոնում, 150 քմ, 13/22 հարկ",4000.0,USD,monthly,Kentron,3,150.0,13,22,2026-08-19 13:03:50.965969+00:00,Կենտրոն,Yerevan,2026-08-19,2026-08-19,364.96,1459840.0
list.am,23137885,"3 սենյականոց բնակարան նորակառույց շենքում Կոմիտասի պողոտայում կենտրոնում, 67 քմ, 11/15 հարկ",320000.0,AMD,monthly,Kentron,3,67.0,11,15,2026-08-19 13:03:50.965969+00:00,Կենտրոն,Yerevan,2026-08-19,2026-08-19,1.0,320000.0
list.am,20432023,"4 սենյականոց բնակարան նորակառույց շենքում Արամի փողոցում կենտրոնում, 136 քմ, 10/16 հարկ",3000.0,USD,monthly,Kentron,4,136.0,10,16,2026-08-19 13:03:50.965969+00:00,Կենտրոն,Yerevan,2026-08-19,2026-08-19,364.96,1094880.0
list.am,20001298,"4 սենյականոց բնակարան նորակառույց շենքում Եկմալյան փողոցում կենտրոնում, 144 քմ, 7/18 հարկ",1700.0,USD,monthly,Kentron,4,144.0,7,18,2026-08-19 13:03:50.965969+00:00,Կենտրոն,Yerevan,2026-08-19,2026-08-19,364.96,620432.0
list.am,17546763,"Ընդարձակ 4 սենյականոց բնակարան նորակառույց շենքում Ալեք Մանուկյանի փողոցում կենտրոնում, 300 քմ",5000.0,USD,monthly,Kentron,4,300.0,5,6,2026-08-19 13:03:50.965969+00:00,Կենտրոն,Yerevan,2026-08-19,2026-08-19,364.96,1824800.0
list.am,24040384,"3 սենյականոց բնակարան Նաիրի Զարյան փողոցում Արաբկիրում, 60 քմ, 1/1 հարկ",270000.0,AMD,monthly,Arabkir,3,60.0,1,1,2026-08-19 13:03:50.965969+00:00,Արաբկիր,Yerevan,2026-08-19,2026-08-19,1.0,270000.0
list.am,21878764,"3 սենյականոց բնակարան Հին երևանցու փողոցում կենտրոնում, 70 քմ, 4/10 հարկ, 2 սանհանգույց",460000.0,AMD,monthly,Kentron,3,70.0,4,10,2026-08-19 13:03:50.965969+00:00,Կենտրոն,Yerevan,2026-08-19,2026-08-19,1.0,460000.0
list.am,23981059,"4 սենյականոց բնակարան Հին երևանցու փողոցում կենտրոնում, 93 քմ, 4/11 հարկ, 2 սանհանգույց",2000.0,USD,monthly,Kentron,4,93.0,4,11,2026-08-19 13:03:50.965969+00:00,Կենտրոն,Yerevan,2026-08-19,2026-08-19,364.96,729920.0
list.am,23978880,"2 սենյականոց բնակարան նորակառույց շենքում Կոմիտասի պողոտայում Արաբկիրում, 68 քմ, 9/18 հարկ",500000.0,AMD,monthly,Arabkir,2,68.0,9,18,2026-08-19 13:03:50.965969+00:00,Արաբկիր,Yerevan,2026-08-19,2026-08-19,1.0,500000.0
list.am,22059628,"3 սենյականոց բնակարան Արշակունյաց պողոտայում Շենգավիթում, 92 քմ, 2/4 հարկ, քարե շենք",270000.0,AMD,monthly,Shengavit,3,92.0,2,4,2026-08-19 13:03:50.965969+00:00,Շենգավիթ,Yerevan,2026-08-19,2026-08-19,1.0,270000.0
list.am,13656225,"1 սենյականոց բնակարան Բագրատունյաց պողոտայում Շենգավիթում, 42 քմ, 2/5 հարկ, քարե շենք",240000.0,AMD,monthly,Shengavit,1,42.0,2,5,2026-08-19 13:03:50.965969+00:00,Շենգավիթ,Yerevan,2026-08-19,2026-08-19,1.0,240000.0
list.am,21713369,"3 սենյականոց բնակարան, Улица Аветик Исаакяна կենտրոնում, 70 քմ, 5/10 հարկ",699000.0,AMD,monthly,Kentron,3,70.0,5,10,2026-08-19 13:03:50.965969+00:00,Կենտրոն,Yerevan,2026-08-19,2026-08-19,1.0,699000.0
list.am,24046909,"2 սենյականոց բնակարան Քաջազնունու փողոցում կենտրոնում, 48 քմ, 2/9 հարկ, քարե շենք",380000.0,AMD,monthly,Kentron,2,48.0,2,9,2026-08-19 13:03:50.965969+00:00,Կենտրոն,Yerevan,2026-08-19,2026-08-19,1.0,380000.0
list.am,17614138,"3 սենյականոց բնակարան Հին երևանցու փողոցում կենտրոնում, 100 քմ, 3/11 հարկ, բարձր առաստաղներ",2000.0,USD,monthly,Kentron,3,100.0,3,11,2026-08-19 13:03:50.965969+00:00,Կենտրոն,Yerevan,2026-08-19,2026-08-19,364.96,729920.0
list.am,23127287,"3 սենյականոց բնակարան Հին երևանցու փողոցում կենտրոնում, 80 քմ, 3/10 հարկ",380000.0,AMD,monthly,Kentron,3,80.0,3,10,2026-08-19 13:03:50.965969+00:00,Կենտրոն,Yerevan,2026-08-19,2026-08-19,1.0,380000.0
list.am,24054613,"2 սենյականոց բնակարան Ֆուչիկի փողոցում Աջափնյակում, 60 քմ, նախավերջին հարկ, քարե շենք",60000.0,AMD,monthly,Ajapnyak,2,60.0,3,4,2026-08-19 13:03:50.965969+00:00,Աջափնյակ,Yerevan,2026-08-19,2026-08-19,1.0,60000.0
list.am,17545317,"Ընդարձակ 2 սենյականոց բնակարան նորակառույց շենքում Հին երևանցու փողոցում կենտրոնում, 110 քմ",1600.0,USD,monthly,Kentron,2,110.0,2,11,2026-08-19 13:03:50.965969+00:00,Կենտրոն,Yerevan,2026-08-19,2026-08-19,364.96,583936.0
list.am,23602615,"2 սենյականոց բնակարան նորակառույց շենքում Մոնթե Մելքոնյան փողոցում Մալաթիա-Սեբաստիայում, 65 քմ",290000.0,AMD,monthly,Malatia-Sebastia,2,65.0,7,20,2026-08-19 13:03:50.965969+00:00,Մալաթիա-Սեբաստիա,Yerevan,2026-08-19,2026-08-19,1.0,290000.0
list.am,24018421,"2 սենյականոց բնակարան նորակառույց շենքում Վրացական փողոցում Արաբկիրում, 60 քմ, 6/12 հարկ",400000.0,AMD,monthly,Arabkir,2,60.0,6,12,2026-08-19 13:03:50.965969+00:00,Արաբկիր,Yerevan,2026-08-19,2026-08-19,1.0,400000.0
list.am,23382995,"2 սենյականոց բնակարան Դրոյի փողոցում Քանաքեռ-Զեյթունում, 52 քմ, 3/13 հարկ, բարձր առաստաղներ",250000.0,AMD,monthly,Kanaker-Zeytun,2,52.0,3,13,2026-08-19 13:03:50.965969+00:00,Քանաքեռ-Զեյթուն,Yerevan,2026-08-19,2026-08-19,1.0,250000.0
list.am,20538691,"2 սենյականոց բնակարան նորակառույց շենքում Կարապետ Ուլնեցու փողոցում Քանաքեռ-Զեյթունում, 69 քմ",360000.0,AMD,monthly,Kanaker-Zeytun,2,69.0,5,16,2026-08-19 13:03:50.965969+00:00,Քանաքեռ-Զեյթուն,Yerevan,2026-08-19,2026-08-19,1.0,360000.0
list.am,23930209,"3 սենյականոց բնակարան նորակառույց շենքում Խանջյան փողոցում կենտրոնում, 73 քմ, 5/18 հարկ",2200.0,USD,monthly,Kentron,3,73.0,5,18,2026-08-19 13:03:50.965969+00:00,Կենտրոն,Yerevan,2026-08-19,2026-08-19,364.96,802912.0
list.am,24038571,"2 սենյականոց բնակարան նորակառույց շենքում Արամ Խաչատրյան փողոցում Արաբկիրում, 55 քմ, 3/14 հարկ",350000.0,AMD,monthly,Arabkir,2,55.0,3,14,2026-08-19 13:03:50.965969+00:00,Արաբկիր,Yerevan,2026-08-19,2026-08-19,1.0,350000.0
list.am,23998475,"3 սենյականոց բնակարան նորակառույց շենքում Գարեգին Նժդեհի փողոցում Շենգավիթում, 85 քմ, 9/14 հարկ",350000.0,AMD,monthly,Shengavit,3,85.0,9,14,2026-08-19 13:03:50.965969+00:00,Շենգավիթ,Yerevan,2026-08-19,2026-08-19,1.0,350000.0
list.am,23972941,"2 սենյականոց բնակարան նորակառույց շենքում Կարապետ Ուլնեցու փողոցում Քանաքեռ-Զեյթունում, 67 քմ",290000.0,AMD,monthly,Kanaker-Zeytun,2,67.0,12,16,2026-08-19 13:03:50.965969+00:00,Քանաքեռ-Զեյթուն,Yerevan,2026-08-19,2026-08-19,1.0,290000.0
list.am,24030977,"3 սենյականոց բնակարան նորակառույց շենքում Գարեգին Նժդեհի փողոցում Շենգավիթում, 85 քմ, 9/14 հարկ",350000.0,AMD,monthly,Shengavit,3,85.0,9,14,2026-08-19 13:03:50.965969+00:00,Շենգավիթ,Yerevan,2026-08-19,2026-08-19,1.0,350000.0
list.am,20927644,"3 սենյականոց բնակարան նորակառույց շենքում Կոմիտասի պողոտայում Արաբկիրում, 100 քմ, 13/16 հարկ",450000.0,AMD,monthly,Arabkir,3,100.0,13,16,2026-08-19 13:03:50.965969+00:00,Արաբկիր,Yerevan,2026-08-19,2026-08-19,1.0,450000.0
list.am,23778953,"3 սենյականոց բնակարան Հին երևանցու փողոցում կենտրոնում, 81 քմ, 8/10 հարկ",2000.0,USD,monthly,Kentron,3,81.0,8,10,2026-08-19 13:03:50.965969+00:00,Կենտրոն,Yerevan,2026-08-19,2026-08-19,364.96,729920.0
list.am,22620275,"3 սենյականոց բնակարան Հին երևանցու փողոցում կենտրոնում, 73 քմ, 2/11 հարկ",500000.0,AMD,monthly,Kentron,3,73.0,2,11,2026-08-19 13:03:50.965969+00:00,Կենտրոն,Yerevan,2026-08-19,2026-08-19,1.0,500000.0
list.am,23510918,"3 սենյականոց բնակարան Հին երևանցու փողոցում կենտրոնում, 90 քմ, 8/11 հարկ, բարձր առաստաղներ",1300.0,USD,monthly,Kentron,3,90.0,8,11,2026-08-19 13:03:50.965969+00:00,Կենտրոն,Yerevan,2026-08-19,2026-08-19,364.96,474448.0
list.am,21779955,"2 սենյականոց բնակարան Հին երևանցու փողոցում կենտրոնում, 67 քմ, 6/11 հարկ, բարձր առաստաղներ",280000.0,AMD,monthly,Kentron,2,67.0,6,11,2026-08-19 13:03:50.965969+00:00,Կենտրոն,Yerevan,2026-08-19,2026-08-19,1.0,280000.0
list.am,22186822,"3 սենյականոց բնակարան Կարապետ Ուլնեցու Փողոց 3-րդ փակուղիում Քանաքեռ-Զեյթունում, 101 քմ, 1/9 հարկ",250000.0,AMD,monthly,Kanaker-Zeytun,3,101.0,1,9,2026-08-19 13:03:50.965969+00:00,Քանաքեռ-Զեյթուն,Yerevan,2026-08-19,2026-08-19,1.0,250000.0
list.am,23609851,"2 սենյականոց բնակարան նորակառույց շենքում Ամիրյան փողոցում կենտրոնում, 86 քմ, նախավերջին հարկ",670000.0,AMD,monthly,Kentron,2,86.0,18,19,2026-08-19 13:03:50.965969+00:00,Կենտրոն,Yerevan,2026-08-19,2026-08-19,1.0,670000.0
list.am,23970012,"2 սենյականոց բնակարան Նիկողայոս Տիգրանյան փողոցում Արաբկիրում, 50 քմ, 2/4 հարկ, քարե շենք",350000.0,AMD,monthly,Arabkir,2,50.0,2,4,2026-08-19 13:03:50.965969+00:00,Արաբկիր,Yerevan,2026-08-19,2026-08-19,1.0,350000.0
list.am,20662226,"2 սենյականոց բնակարան Հին երևանցու փողոցում կենտրոնում, 46 քմ, 3/11 հարկ",380000.0,AMD,monthly,Kentron,2,46.0,3,11,2026-08-19 13:03:50.965969+00:00,Կենտրոն,Yerevan,2026-08-19,2026-08-19,1.0,380000.0
list.am,23940760,"3 սենյականոց բնակարան Նարեկացու թաղամասում Ավանում, 72 քմ, 3/16 հարկ",270000.0,AMD,monthly,Avan,3,72.0,3,16,2026-08-19 13:03:50.965969+00:00,Ավան,Yerevan,2026-08-19,2026-08-19,1.0,270000.0
list.am,21907655,"3 սենյականոց բնակարան Արշակունյաց պողոտայում Շենգավիթում, 70 քմ, նախավերջին հարկ",250000.0,AMD,monthly,Shengavit,3,70.0,11,12,2026-08-19 13:03:50.965969+00:00,Շենգավիթ,Yerevan,2026-08-19,2026-08-19,1.0,250000.0
list.am,22565498,"3 սենյականոց բնակարան Հին երևանցու փողոցում կենտրոնում, 75 քմ, 2/6 հարկ, բարձր առաստաղներ",500000.0,AMD,monthly,Kentron,3,75.0,2,6,2026-08-19 13:03:50.965969+00:00,Կենտրոն,Yerevan,2026-08-19,2026-08-19,1.0,500000.0
list.am,23989565,"2 սենյականոց բնակարան նորակառույց շենքում Լենինգրադյան փողոցում Աջափնյակում, 60 քմ, 5/16 հարկ",330000.0,AMD,monthly,Ajapnyak,2,60.0,5,16,2026-08-19 13:03:50.965969+00:00,Աջափնյակ,Yerevan,2026-08-19,2026-08-19,1.0,330000.0
list.am,23306727,"1 սենյականոց բնակարան Նիկողայոս Տիգրանյան փողոցում Արաբկիրում, 50 քմ, 2/5 հարկ, քարե շենք",350000.0,AMD,monthly,Arabkir,1,50.0,2,5,2026-08-19 13:03:50.965969+00:00,Արաբկիր,Yerevan,2026-08-19,2026-08-19,1.0,350000.0
list.am,23797289,"2 սենյականոց բնակարան Հին երևանցու փողոցում կենտրոնում, 49 քմ, 7/10 հարկ",375000.0,AMD,monthly,Kentron,2,49.0,7,10,2026-08-19 13:03:50.965969+00:00,Կենտրոն,Yerevan,2026-08-19,2026-08-19,1.0,375000.0
list.am,23822826,"3 սենյականոց բնակարան նորակառույց շենքում Գրիբոյեդովի փողոցում Արաբկիրում, 130 քմ, 2 սանհանգույց",2000.0,USD,monthly,Arabkir,3,130.0,13,13,2026-08-19 13:03:50.965969+00:00,Արաբկիր,Yerevan,2026-08-19,2026-08-19,364.96,729920.0
list.am,23750789,"3 սենյականոց բնակարան նորակառույց շենքում Անաստաս Միկոյան փողոցում Դավթաշենում, 80 քմ, 10/18 հարկ",420000.0,AMD,monthly,Davtashen,3,80.0,10,18,2026-08-19 13:03:50.965969+00:00,Դավթաշեն,Yerevan,2026-08-19,2026-08-19,1.0,420000.0
list.am,23062203,"2 սենյականոց բնակարան նորակառույց շենքում Մալխասյանց փողոցում Արաբկիրում, 60 քմ, 7/12 հարկ",400000.0,AMD,monthly,Arabkir,2,60.0,7,12,2026-08-19 13:03:50.965969+00:00,Արաբկիր,Yerevan,2026-08-19,2026-08-19,1.0,400000.0
list.am,23219134,"3 սենյականոց բնակարան Հին երևանցու փողոցում կենտրոնում, 80 քմ, 3/10 հարկ, բարձր առաստաղներ",350000.0,AMD,monthly,Kentron,3,80.0,3,10,2026-08-19 13:03:50.965969+00:00,Կենտրոն,Yerevan,2026-08-19,2026-08-19,1.0,350000.0
list.am,22436415,"2 սենյականոց բնակարան նորակառույց շենքում Գոգոլի փողոցում Քանաքեռ-Զեյթունում, 67 քմ, 12/16 հարկ",300000.0,AMD,monthly,Kanaker-Zeytun,2,67.0,12,16,2026-08-19 13:03:50.965969+00:00,Քանաքեռ-Զեյթուն,Yerevan,2026-08-19,2026-08-19,1.0,300000.0
list.am,18787994,"3 սենյականոց բնակարան նորակառույց շենքում Պարույր Սևակի փողոցում Քանաքեռ-Զեյթունում, 110 քմ",380000.0,AMD,monthly,Kanaker-Zeytun,3,110.0,5,14,2026-08-19 13:03:50.965969+00:00,Քանաքեռ-Զեյթուն,Yerevan,2026-08-19,2026-08-19,1.0,380000.0
list.am,17174656,"4 սենյականոց բնակարան Ռուբինյանց փողոցում Քանաքեռ-Զեյթունում, 100 քմ, 3/9 հարկ",400000.0,AMD,monthly,Kanaker-Zeytun,4,100.0,3,9,2026-08-19 13:03:50.965969+00:00,Քանաքեռ-Զեյթուն,Yerevan,2026-08-19,2026-08-19,1.0,400000.0
list.am,18860605,"3 սենյականոց բնակարան նորակառույց շենքում Պարույր Սևակի փողոցում Քանաքեռ-Զեյթունում, 97 քմ",380000.0,AMD,monthly,Kanaker-Zeytun,3,97.0,9,14,2026-08-19 13:03:50.965969+00:00,Քանաքեռ-Զեյթուն,Yerevan,2026-08-19,2026-08-19,1.0,380000.0
list.am,18894508,"3 սենյականոց բնակարան նորակառույց շենքում Պարույր Սևակի փողոցում Քանաքեռ-Զեյթունում, 110 քմ",400000.0,AMD,monthly,Kanaker-Zeytun,3,110.0,11,14,2026-08-19 13:03:50.965969+00:00,Քանաքեռ-Զեյթուն,Yerevan,2026-08-19,2026-08-19,1.0,400000.0
list.am,21731862,"2 սենյականոց բնակարան Հին երևանցու փողոցում կենտրոնում, 57 քմ, 9/11 հարկ, բարձր առաստաղներ",1100.0,USD,monthly,Kentron,2,57.0,9,11,2026-08-19 13:03:50.965969+00:00,Կենտրոն,Yerevan,2026-08-19,2026-08-19,364.96,401456.0
list.am,22437605,"2 սենյականոց բնակարան Թումանյան փողոցում կենտրոնում, 65 քմ, բարձր առաստաղներ, քարե շենք",1000.0,USD,monthly,Kentron,2,65.0,5,5,2026-08-19 13:03:50.965969+00:00,Կենտրոն,Yerevan,2026-08-19,2026-08-19,364.96,364960.0
list.am,23801798,"4 սենյականոց բնակարան Դավթաշեն 3-րդ թաղամասում Դավթաշենում, 137 քմ, 2/5 հարկ, 2 սանհանգույց",550000.0,AMD,monthly,Davtashen,4,137.0,2,5,2026-08-19 13:03:50.965969+00:00,Դավթաշեն,Yerevan,2026-08-19,2026-08-19,1.0,550000.0
list.am,22603755,"2 սենյականոց բնակարան Հին երևանցու փողոցում կենտրոնում, 57 քմ, 9/11 հարկ",330000.0,AMD,monthly,Kentron,2,57.0,9,11,2026-08-19 13:03:50.965969+00:00,Կենտրոն,Yerevan,2026-08-19,2026-08-19,1.0,330000.0
list.am,22535964,"2 սենյականոց բնակարան նորակառույց շենքում Արամի փողոցում կենտրոնում, 75 քմ, 5/7 հարկ",380000.0,AMD,monthly,Kentron,2,75.0,5,7,2026-08-19 13:03:50.965969+00:00,Կենտրոն,Yerevan,2026-08-19,2026-08-19,1.0,380000.0
list.am,23940347,"3 սենյականոց բնակարան նորակառույց շենքում Ծիծեռնակաբերդի խճուղիում կենտրոնում, 107 քմ, 7/16 հարկ",550000.0,AMD,monthly,Kentron,3,107.0,7,16,2026-08-19 13:03:50.965969+00:00,Կենտրոն,Yerevan,2026-08-19,2026-08-19,1.0,550000.0
list.am,24017233,"2 սենյականոց բնակարան նորակառույց շենքում Փավստոս Բուզանդի փողոցում կենտրոնում, 70 քմ, 8/15 հարկ",1500.0,USD,monthly,Kentron,2,70.0,8,15,2026-08-19 13:03:50.965969+00:00,Կենտրոն,Yerevan,2026-08-19,2026-08-19,364.96,547440.0
list.am,21380558,"2 սենյականոց բնակարան Ռուբինյանց փողոցում Քանաքեռ-Զեյթունում, 50 քմ, քարե շենք",260000.0,AMD,monthly,Kanaker-Zeytun,2,50.0,5,5,2026-08-19 13:03:50.965969+00:00,Քանաքեռ-Զեյթուն,Yerevan,2026-08-19,2026-08-19,1.0,260000.0
list.am,21988682,"2 սենյականոց բնակարան նորակառույց շենքում Կարապետ Ուլնեցու փողոցում Քանաքեռ-Զեյթունում, 65 քմ",350000.0,AMD,monthly,Kanaker-Zeytun,2,65.0,10,16,2026-08-19 13:03:50.965969+00:00,Քանաքեռ-Զեյթուն,Yerevan,2026-08-19,2026-08-19,1.0,350000.0
list.am,21821385,"4 սենյականոց բնակարան նորակառույց շենքում Պարույր Սևակի փողոցում Քանաքեռ-Զեյթունում, 130 քմ",400000.0,AMD,monthly,Kanaker-Zeytun,4,130.0,3,14,2026-08-19 13:03:50.965969+00:00,Քանաքեռ-Զեյթուն,Yerevan,2026-08-19,2026-08-19,1.0,400000.0
list.am,23914118,"3 սենյականոց բնակարան նորակառույց շենքում Արշակունյաց պողոտայում Շենգավիթում, 80 քմ, 3/14 հարկ",300000.0,AMD,monthly,Shengavit,3,80.0,3,14,2026-08-19 13:03:50.965969+00:00,Շենգավիթ,Yerevan,2026-08-19,2026-08-19,1.0,300000.0
list.am,20980918,"2 սենյականոց բնակարան Դրոյի փողոցում Քանաքեռ-Զեյթունում, 57 քմ, 6/9 հարկ, բարձր առաստաղներ",260000.0,AMD,monthly,Kanaker-Zeytun,2,57.0,6,9,2026-08-19 13:03:50.965969+00:00,Քանաքեռ-Զեյթուն,Yerevan,2026-08-19,2026-08-19,1.0,260000.0
list.am,20890129,"3 սենյականոց բնակարան Հին երևանցու փողոցում կենտրոնում, 90 քմ, 8/11 հարկ, բարձր առաստաղներ",1400.0,USD,monthly,Kentron,3,90.0,8,11,2026-08-19 13:03:50.965969+00:00,Կենտրոն,Yerevan,2026-08-19,2026-08-19,364.96,510944.0
list.am,22345610,"2 սենյականոց բնակարան նորակառույց շենքում Կարապետ Ուլնեցու փողոցում Քանաքեռ-Զեյթունում, 46 քմ",310000.0,AMD,monthly,Kanaker-Zeytun,2,46.0,15,16,2026-08-19 13:03:50.965969+00:00,Քանաքեռ-Զեյթուն,Yerevan,2026-08-19,2026-08-19,1.0,310000.0
list.am,17848046,"3 սենյականոց բնակարան Դրոյի փողոցում Քանաքեռ-Զեյթունում, 70 քմ, նախավերջին հարկ, քարե շենք",300000.0,AMD,monthly,Kanaker-Zeytun,3,70.0,4,5,2026-08-19 13:03:50.965969+00:00,Քանաքեռ-Զեյթուն,Yerevan,2026-08-19,2026-08-19,1.0,300000.0
list.am,23986763,"3 սենյականոց բնակարան նորակառույց շենքում Պարույր Սևակի փողոցում Քանաքեռ-Զեյթունում, 130 քմ",400000.0,AMD,monthly,Kanaker-Zeytun,3,130.0,3,16,2026-08-19 13:03:50.965969+00:00,Քանաքեռ-Զեյթուն,Yerevan,2026-08-19,2026-08-19,1.0,400000.0
list.am,22812318,"3 սենյականոց բնակարան Արշակունյաց պողոտայում կենտրոնում, 74 քմ, 3/5 հարկ, բարձր առաստաղներ",300000.0,AMD,monthly,Kentron,3,74.0,3,5,2026-08-19 13:03:50.965969+00:00,Կենտրոն,Yerevan,2026-08-19,2026-08-19,1.0,300000.0
list.am,23781334,"3 սենյականոց բնակարան Ռուբինյանց փողոցում Քանաքեռ-Զեյթունում, 80 քմ, 2/2 հարկ, քարե շենք",350000.0,AMD,monthly,Kanaker-Zeytun,3,80.0,2,2,2026-08-19 13:03:50.965969+00:00,Քանաքեռ-Զեյթուն,Yerevan,2026-08-19,2026-08-19,1.0,350000.0
list.am,23219566,"3 սենյականոց բնակարան նորակառույց շենքում Հին երևանցու փողոցում կենտրոնում, 80 քմ, 3/10 հարկ",350000.0,AMD,monthly,Kentron,3,80.0,3,10,2026-08-19 13:03:50.965969+00:00,Կենտրոն,Yerevan,2026-08-19,2026-08-19,1.0,350000.0
list.am,23093706,"Ընդարձակ 1 սենյականոց բնակարան Հին երևանցու փողոցում կենտրոնում, 81 քմ, 8/11 հարկ",1400.0,USD,monthly,Kentron,1,81.0,8,11,2026-08-19 13:03:50.965969+00:00,Կենտրոն,Yerevan,2026-08-19,2026-08-19,364.96,510944.0
list.am,23958701,"2 սենյականոց բնակարան նորակառույց շենքում Մամիկոնյանց փողոցում Արաբկիրում, 51 քմ, 7/14 հարկ",350000.0,AMD,monthly,Arabkir,2,51.0,7,14,2026-08-19 13:03:50.965969+00:00,Արաբկիր,Yerevan,2026-08-19,2026-08-19,1.0,350000.0
list.am,23979418,"Ընդարձակ 1 սենյականոց բնակարան նորակառույց շենքում Վազգեն Սարգսյան փողոցում կենտրոնում, 70 քմ",2000.0,USD,monthly,Kentron,1,70.0,4,4,2026-08-19 13:03:50.965969+00:00,Կենտրոն,Yerevan,2026-08-19,2026-08-19,364.96,729920.0
list.am,23970758,"3 սենյականոց բնակարան նորակառույց շենքում Գալշոյան փողոցում Նոր Նորքում, 70 քմ, նախավերջին հարկ",180000.0,AMD,monthly,Nor Nork,3,70.0,2,3,2026-08-19 13:03:50.965969+00:00,Նոր Նորք,Yerevan,2026-08-19,2026-08-19,1.0,180000.0
list.am,23641501,"3 սենյականոց բնակարան Գրիբոյեդովի փողոցում Արաբկիրում, 100 քմ, 1/5 հարկ, 2 սանհանգույց",400000.0,AMD,monthly,Arabkir,3,100.0,1,5,2026-08-19 13:03:50.965969+00:00,Արաբկիր,Yerevan,2026-08-19,2026-08-19,1.0,400000.0
list.am,21079209,"3 սենյականոց բնակարան Արշակունյաց պողոտայում Շենգավիթում, 65 քմ, 8/13 հարկ",350000.0,AMD,monthly,Shengavit,3,65.0,8,13,2026-08-19 13:03:50.965969+00:00,Շենգավիթ,Yerevan,2026-08-19,2026-08-19,1.0,350000.0
list.am,23469127,"3 սենյականոց բնակարան Հին երևանցու փողոցում կենտրոնում, 80 քմ, 8/11 հարկ",1500.0,USD,monthly,Kentron,3,80.0,8,11,2026-08-19 13:03:50.965969+00:00,Կենտրոն,Yerevan,2026-08-19,2026-08-19,364.96,547440.0
list.am,23914085,"2 սենյականոց բնակարան նորակառույց շենքում Գրիգոր Հասրաթյան փողոցում Աջափնյակում, 60 քմ",280000.0,AMD,monthly,Ajapnyak,2,60.0,13,14,2026-08-19 13:03:50.965969+00:00,Աջափնյակ,Yerevan,2026-08-19,2026-08-19,1.0,280000.0
list.am,23915117,"2 սենյականոց բնակարան նորակառույց շենքում, улица Леонида Азгалдяна Արաբկիրում, 55 քմ, 2/10 հարկ",360000.0,AMD,monthly,Arabkir,2,55.0,2,10,2026-08-19 13:03:50.965969+00:00,Արաբկիր,Yerevan,2026-08-19,2026-08-19,1.0,360000.0
list.am,23033430,"3 սենյականոց բնակարան նորակառույց շենքում Արամ Խաչատրյան փողոցում Արաբկիրում, 75 քմ, 8/10 հարկ",1200.0,USD,monthly,Arabkir,3,75.0,8,10,2026-08-19 13:03:50.965969+00:00,Արաբկիր,Yerevan,2026-08-19,2026-08-19,364.96,437952.0
list.am,23939766,"3 սենյականոց բնակարան Սարյան փողոցում կենտրոնում, 77 քմ, 2/5 հարկ, քարե շենք",350000.0,AMD,monthly,Kentron,3,77.0,2,5,2026-08-19 13:03:50.965969+00:00,Կենտրոն,Yerevan,2026-08-19,2026-08-19,1.0,350000.0
list.am,18463405,"2 սենյականոց բնակարան Հին երևանցու փողոցում կենտրոնում, 50 քմ, բարձր առաստաղներ",360000.0,AMD,monthly,Kentron,2,50.0,11,11,2026-08-19 13:03:50.965969+00:00,Կենտրոն,Yerevan,2026-08-19,2026-08-19,1.0,360000.0
list.am,23916654,"3 room apartment on Yerevan Highway in Gyumri, 60 sq.m., second to last floor, stone building",150000.0,AMD,monthly,,3,60.0,4,5,2026-08-23 02:06:56.103547+00:00,Gyumri,Gyumri,2026-08-23,2026-08-23,1.0,150000.0
list.am,23966552,"3 սենյականոց բնակարան նորակառույց շենքում Պարույր Սևակի փողոցում Քանաքեռ-Զեյթունում, 70 քմ",300000.0,AMD,monthly,Kanaker-Zeytun,3,70.0,3,18,2026-08-19 13:03:50.965969+00:00,Քանաքեռ-Զեյթուն,Yerevan,2026-08-19,2026-08-19,1.0,300000.0
list.am,22960478,"2 սենյականոց բնակարան Հին երևանցու փողոցում կենտրոնում, 55 քմ, 6/11 հարկ",300000.0,AMD,monthly,Kentron,2,55.0,6,11,2026-08-19 13:03:50.965969+00:00,Կենտրոն,Yerevan,2026-08-19,2026-08-19,1.0,300000.0
list.am,23117846,"3 սենյականոց բնակարան Հին երևանցու փողոցում կենտրոնում, 80 քմ, 3/10 հարկ",420000.0,AMD,monthly,Kentron,3,80.0,3,10,2026-08-19 13:03:38.413540+00:00,Կենտրոն,Yerevan,2026-08-19,2026-08-19,1.0,420000.0
list.am,23996996,"2 սենյականոց բնակարան նորակառույց շենքում Մարշալ Բաբաջանյան փողոցում Ավանում, 72 քմ, 16/18 հարկ",470000.0,AMD,monthly,Avan,2,72.0,16,18,2026-08-19 13:03:38.413540+00:00,Ավան,Yerevan,2026-08-19,2026-08-19,1.0,470000.0
list.am,24095845,"3 սենյականոց բնակարան նորակառույց շենքում Մոնթե Մելքոնյան փողոցում Մալաթիա-Սեբաստիայում, 98 քմ",350000.0,AMD,monthly,Malatia-Sebastia,3,98.0,4,17,2026-08-19 13:03:38.413540+00:00,Մալաթիա-Սեբաստիա,Yerevan,2026-08-19,2026-08-19,1.0,350000.0
list.am,24042959,"3 սենյականոց բնակարան Մառի փողոցի նրբանցքում Նոր Նորքում, 75 քմ",300000.0,AMD,monthly,Nor Nork,3,75.0,5,5,2026-08-19 13:03:38.413540+00:00,Նոր Նորք,Yerevan,2026-08-19,2026-08-19,1.0,300000.0
list.am,24065777,"2 սենյականոց բնակարան Նիկողայոս Տիգրանյան փողոցում Արաբկիրում, 65 քմ, 3/9 հարկ",250000.0,AMD,monthly,Arabkir,2,65.0,3,9,2026-08-19 13:03:38.413540+00:00,Արաբկիր,Yerevan,2026-08-19,2026-08-19,1.0,250000.0
list.am,23935400,"3 սենյականոց բնակարան Հին երևանցու փողոցում կենտրոնում, 95 քմ, նախավերջին հարկ, 2 սանհանգույց",1500.0,USD,monthly,Kentron,3,95.0,10,11,2026-08-19 13:03:38.413540+00:00,Կենտրոն,Yerevan,2026-08-19,2026-08-19,364.96,547440.0
list.am,24074717,"3 սենյականոց բնակարան Հին երևանցու փողոցում կենտրոնում, 73 քմ, 5/9 հարկ, 2 սանհանգույց",530000.0,AMD,monthly,Kentron,3,73.0,5,9,2026-08-19 13:03:38.413540+00:00,Կենտրոն,Yerevan,2026-08-19,2026-08-19,1.0,530000.0
list.am,19004440,"2 սենյականոց բնակարան նորակառույց շենքում Ծիծեռնակաբերդի խճուղիում կենտրոնում, 60 քմ, 8/14 հարկ",300000.0,AMD,monthly,Kentron,2,60.0,8,14,2026-08-19 13:03:38.413540+00:00,Կենտրոն,Yerevan,2026-08-19,2026-08-19,1.0,300000.0
list.am,24066963,"2 սենյականոց բնակարան նորակառույց շենքում Կոմիտասի պողոտայում Արաբկիրում, 70 քմ, 5/18 հարկ",530000.0,AMD,monthly,Arabkir,2,70.0,5,18,2026-08-19 13:03:38.413540+00:00,Արաբկիր,Yerevan,2026-08-19,2026-08-19,1.0,530000.0
list.am,20601279,"3 սենյականոց բնակարան Պարոնյան փողոցում կենտրոնում, 80 քմ, նախավերջին հարկ",550000.0,AMD,monthly,Kentron,3,80.0,13,14,2026-08-19 13:03:38.413540+00:00,Կենտրոն,Yerevan,2026-08-19,2026-08-19,1.0,550000.0
list.am,20662243,"3 սենյականոց բնակարան նորակառույց շենքում, Պետրոս Դուրյան Թաղ. 1-ին Փող. Ավանում, 72 քմ, 2/4 հարկ",340000.0,AMD,monthly,Avan,3,72.0,2,4,2026-08-19 13:03:38.413540+00:00,Ավան,Yerevan,2026-08-19,2026-08-19,1.0,340000.0
list.am,24060451,"2 սենյականոց բնակարան նորակառույց շենքում Գարեգին Նժդեհի փողոցում Շենգավիթում, 65 քմ, 9/14 հարկ",290000.0,AMD,monthly,Shengavit,2,65.0,9,14,2026-08-19 13:03:38.413540+00:00,Շենգավիթ,Yerevan,2026-08-19,2026-08-19,1.0,290000.0
list.am,23163022,"3 սենյականոց բնակարան Դավթաշեն 3-րդ թաղամասում Դավթաշենում, 90 քմ",260000.0,AMD,monthly,Davtashen,3,90.0,9,9,2026-08-19 13:03:38.413540+00:00,Դավթաշեն,Yerevan,2026-08-19,2026-08-19,1.0,260000.0
list.am,24093754,"3 սենյականոց բնակարան նորակառույց շենքում Վերին Անտառային փողոցում կենտրոնում, 70 քմ, 2/6 հարկ",500000.0,AMD,monthly,Kentron,3,70.0,2,6,2026-08-19 13:03:38.413540+00:00,Կենտրոն,Yerevan,2026-08-19,2026-08-19,1.0,500000.0
list.am,24045619,"2 սենյականոց բնակարան Հին երևանցու փողոցում կենտրոնում, 44 քմ, 4/11 հարկ",380000.0,AMD,monthly,Kentron,2,44.0,4,11,2026-08-19 13:03:38.413540+00:00,Կենտրոն,Yerevan,2026-08-19,2026-08-19,1.0,380000.0
list.am,22738856,"2 սենյականոց բնակարան նորակառույց շենքում Ադոնցի փողոցում Արաբկիրում, 60 քմ, բարձր առաստաղներ",300000.0,AMD,monthly,Arabkir,2,60.0,14,14,2026-08-19 13:03:38.413540+00:00,Արաբկիր,Yerevan,2026-08-19,2026-08-19,1.0,300000.0
list.am,24093003,"3 սենյականոց բնակարան նորակառույց շենքում Սեբաստիայի փողոցում Մալաթիա-Սեբաստիայում, 90 քմ, 3/15 հարկ",400000.0,AMD,monthly,Malatia-Sebastia,3,90.0,3,15,2026-08-19 13:03:38.413540+00:00,Մալաթիա-Սեբաստիա,Yerevan,2026-08-19,2026-08-19,1.0,400000.0
list.am,23996031,"Ընդարձակ 1 սենյականոց բնակարան Արամ Մանուկյանի փողոցում Մալաթիա-Սեբաստիայում, 55 քմ, 6/9 հարկ",350000.0,AMD,monthly,Malatia-Sebastia,1,55.0,6,9,2026-08-19 13:03:38.413540+00:00,Մալաթիա-Սեբաստիա,Yerevan,2026-08-19,2026-08-19,1.0,350000.0
list.am,24092052,"4 սենյականոց բնակարան նորակառույց շենքում Թերլեմեզյանի փողոցում Աջափնյակում, 130 քմ, 9/14 հարկ",900000.0,AMD,monthly,Ajapnyak,4,130.0,9,14,2026-08-19 13:03:38.413540+00:00,Աջափնյակ,Yerevan,2026-08-19,2026-08-19,1.0,900000.0
list.am,24072379,"3 սենյականոց բնակարան Կոմիտասի պողոտայում Արաբկիրում, 80 քմ, բարձր առաստաղներ, քարե շենք",380000.0,AMD,monthly,Arabkir,3,80.0,4,4,2026-08-19 13:03:38.413540+00:00,Արաբկիր,Yerevan,2026-08-19,2026-08-19,1.0,380000.0
list.am,24091259,"3 սենյականոց բնակարան Զորավար Անդրանիկի փողոցում Մալաթիա-Սեբաստիայում, 110 քմ, 5/9 հարկ",300000.0,AMD,monthly,Malatia-Sebastia,3,110.0,5,9,2026-08-19 13:03:38.413540+00:00,Մալաթիա-Սեբաստիա,Yerevan,2026-08-19,2026-08-19,1.0,300000.0
list.am,23510903,"3 սենյականոց բնակարան Մաշտոցի պողոտայում կենտրոնում, 100 քմ, 4/6 հարկ, 2 սանհանգույց",600000.0,AMD,monthly,Kentron,3,100.0,4,6,2026-08-19 13:03:38.413540+00:00,Կենտրոն,Yerevan,2026-08-19,2026-08-19,1.0,600000.0
list.am,24089545,"3 սենյականոց բնակարան նորակառույց շենքում Արամ Խաչատրյան փողոցում Արաբկիրում, 80 քմ, 2/14 հարկ",450000.0,AMD,monthly,Arabkir,3,80.0,2,14,2026-08-19 13:03:38.413540+00:00,Արաբկիր,Yerevan,2026-08-19,2026-08-19,1.0,450000.0
list.am,24035032,"4 սենյականոց բնակարան Դավթաշեն 3-րդ թաղամասում Դավթաշենում, 100 քմ, 5/10 հարկ",1000.0,USD,monthly,Davtashen,4,100.0,5,10,2026-08-19 13:03:38.413540+00:00,Դավթաշեն,Yerevan,2026-08-19,2026-08-19,364.96,364960.0
list.am,24085419,"4 սենյականոց բնակարան Սունդուկյան փողոցում Արաբկիրում, 75 քմ",450000.0,AMD,monthly,Arabkir,4,75.0,9,9,2026-08-19 13:03:38.413540+00:00,Արաբկիր,Yerevan,2026-08-19,2026-08-19,1.0,450000.0
list.am,24067232,"3 սենյականոց բնակարան նորակառույց շենքում Ադոնցի փողոցում Արաբկիրում, 80 քմ, 15/18 հարկ",380000.0,AMD,monthly,Arabkir,3,80.0,15,18,2026-08-19 13:03:38.413540+00:00,Արաբկիր,Yerevan,2026-08-19,2026-08-19,1.0,380000.0
list.am,23991045,"4 սենյականոց բնակարան նորակառույց շենքում Դավիթ Անհաղթի փողոցում Քանաքեռ-Զեյթունում, 130 քմ",2000.0,USD,monthly,Kanaker-Zeytun,4,130.0,17,17,2026-08-19 13:03:38.413540+00:00,Քանաքեռ-Զեյթուն,Yerevan,2026-08-19,2026-08-19,364.96,729920.0
list.am,21968809,"2 room apartment in a new building on Yerevan Highway in Gyumri, 50 sq.m., 1/4 floor, stone building",150000.0,AMD,monthly,,2,50.0,1,4,2026-08-23 02:06:56.103547+00:00,Gyumri,Gyumri,2026-08-23,2026-08-23,1.0,150000.0
list.am,24088016,"2 սենյականոց բնակարան նորակառույց շենքում Հալաբյան փողոցում Աջափնյակում, 65 քմ, 5/18 հարկ",350000.0,AMD,monthly,Ajapnyak,2,65.0,5,18,2026-08-19 13:03:38.413540+00:00,Աջափնյակ,Yerevan,2026-08-19,2026-08-19,1.0,350000.0
list.am,24087483,"3 սենյականոց բնակարան Եզնիկ Կողբացու փողոցում կենտրոնում, 100 քմ, 5/11 հարկ",400000.0,AMD,monthly,Kentron,3,100.0,5,11,2026-08-19 13:03:38.413540+00:00,Կենտրոն,Yerevan,2026-08-19,2026-08-19,1.0,400000.0
list.am,24087183,"2 սենյականոց բնակարան Նալբանդյան փողոցում կենտրոնում, 64 քմ",350000.0,AMD,monthly,Kentron,2,64.0,6,6,2026-08-19 13:03:38.413540+00:00,Կենտրոն,Yerevan,2026-08-19,2026-08-19,1.0,350000.0
list.am,22351587,"2 սենյականոց բնակարան Հին երևանցու փողոցում կենտրոնում, 50 քմ, 5/10 հարկ, 2 սանհանգույց, քարե շենք",360000.0,AMD,monthly,Kentron,2,50.0,5,10,2026-08-19 13:03:38.413540+00:00,Կենտրոն,Yerevan,2026-08-19,2026-08-19,1.0,360000.0
list.am,23117706,"3 սենյականոց բնակարան Հին երևանցու փողոցում կենտրոնում, 80 քմ, 3/10 հարկ",450000.0,AMD,monthly,Kentron,3,80.0,3,10,2026-08-19 13:03:38.413540+00:00,Կենտրոն,Yerevan,2026-08-19,2026-08-19,1.0,450000.0
list.am,24086790,"2 սենյականոց բնակարան Կոմիտասի պողոտայում Արաբկիրում, 73 քմ, բարձր առաստաղներ, քարե շենք",350000.0,AMD,monthly,Arabkir,2,73.0,5,5,2026-08-19 13:03:38.413540+00:00,Արաբկիր,Yerevan,2026-08-19,2026-08-19,1.0,350000.0
list.am,24060251,"2 սենյականոց բնակարան նորակառույց շենքում Գրիբոյեդովի փողոցում Արաբկիրում, 85 քմ, 7/14 հարկ",450000.0,AMD,monthly,Arabkir,2,85.0,7,14,2026-08-19 13:03:38.413540+00:00,Արաբկիր,Yerevan,2026-08-19,2026-08-19,1.0,450000.0
list.am,24059965,"2 սենյականոց բնակարան նորակառույց շենքում Շինարարների փողոցում Աջափնյակում, 60 քմ, 2/15 հարկ",270000.0,AMD,monthly,Ajapnyak,2,60.0,2,15,2026-08-19 13:03:38.413540+00:00,Աջափնյակ,Yerevan,2026-08-19,2026-08-19,1.0,270000.0
list.am,24048523,"2 սենյականոց բնակարան նորակառույց շենքում Կոմիտասի պողոտայում Արաբկիրում, 80 քմ, 8/18 հարկ",500000.0,AMD,monthly,Arabkir,2,80.0,8,18,2026-08-19 13:03:38.413540+00:00,Արաբկիր,Yerevan,2026-08-19,2026-08-19,1.0,500000.0
list.am,21857581,"2 սենյականոց բնակարան նորակառույց շենքում, Улица Павстоса Бузанда կենտրոնում, 55 քմ, 7/15 հարկ",3000.0,USD,monthly,Kentron,2,55.0,7,15,2026-08-19 13:03:38.413540+00:00,Կենտրոն,Yerevan,2026-08-19,2026-08-19,364.96,1094880.0
list.am,20239208,"2 սենյականոց բնակարան Հին երևանցու փողոցում կենտրոնում, 46 քմ, 3/11 հարկ",1400.0,USD,monthly,Kentron,2,46.0,3,11,2026-08-19 13:03:38.413540+00:00,Կենտրոն,Yerevan,2026-08-19,2026-08-19,364.96,510944.0
list.am,24059171,"2 սենյականոց բնակարան նորակառույց շենքում Ադոնցի փողոցում Արաբկիրում, 55 քմ, 5/8 հարկ",400000.0,AMD,monthly,Arabkir,2,55.0,5,8,2026-08-19 13:03:38.413540+00:00,Արաբկիր,Yerevan,2026-08-19,2026-08-19,1.0,400000.0
list.am,24059227,"3 սենյականոց բնակարան նորակառույց շենքում Կոմիտասի պողոտայում Արաբկիրում, 92 քմ, 6/16 հարկ",2000.0,USD,monthly,Arabkir,3,92.0,6,16,2026-08-19 13:03:38.413540+00:00,Արաբկիր,Yerevan,2026-08-19,2026-08-19,364.96,729920.0
list.am,24059301,"2 սենյականոց բնակարան նորակառույց շենքում Քըրք Քըրքորյան փողոցում Աջափնյակում, 55 քմ, 13/16 հարկ",350000.0,AMD,monthly,Ajapnyak,2,55.0,13,16,2026-08-19 13:03:38.413540+00:00,Աջափնյակ,Yerevan,2026-08-19,2026-08-19,1.0,350000.0
list.am,24059516,"3 սենյականոց բնակարան Սարյան փողոցում կենտրոնում, 75 քմ, 3/9 հարկ, 2 սանհանգույց, բարձր առաստաղներ",550000.0,AMD,monthly,Kentron,3,75.0,3,9,2026-08-19 13:03:38.413540+00:00,Կենտրոն,Yerevan,2026-08-19,2026-08-19,1.0,550000.0
list.am,24059521,"3 սենյականոց բնակարան Զաքյան փողոցի 1-ին նրբանցքում կենտրոնում, 78 քմ, 1/5 հարկ, քարե շենք",500000.0,AMD,monthly,Kentron,3,78.0,1,5,2026-08-19 13:03:38.413540+00:00,Կենտրոն,Yerevan,2026-08-19,2026-08-19,1.0,500000.0
list.am,24059547,"4 սենյականոց բնակարան Հրաչյա Քոչարի փողոցում Արաբկիրում, 80 քմ, նախավերջին հարկ, բարձր առաստաղներ",370000.0,AMD,monthly,Arabkir,4,80.0,4,5,2026-08-19 13:03:38.413540+00:00,Արաբկիր,Yerevan,2026-08-19,2026-08-19,1.0,370000.0
list.am,24021470,"3 սենյականոց բնակարան նորակառույց շենքում Կոմիտասի պողոտայում Արաբկիրում, 83 քմ, 7/18 հարկ",350000.0,AMD,monthly,Arabkir,3,83.0,7,18,2026-08-19 13:03:38.413540+00:00,Արաբկիր,Yerevan,2026-08-19,2026-08-19,1.0,350000.0
list.am,23950970,"2 սենյականոց բնակարան նորակառույց շենքում Հալաբյան փողոցում Աջափնյակում, 60 քմ, 5/12 հարկ",400000.0,AMD,monthly,Ajapnyak,2,60.0,5,12,2026-08-19 13:03:38.413540+00:00,Աջափնյակ,Yerevan,2026-08-19,2026-08-19,1.0,400000.0
list.am,24021551,"2 սենյականոց բնակարան նորակառույց շենքում Կոմիտասի պողոտայում Արաբկիրում, 70 քմ, նախավերջին հարկ",450000.0,AMD,monthly,Arabkir,2,70.0,17,18,2026-08-19 13:03:38.413540+00:00,Արաբկիր,Yerevan,2026-08-19,2026-08-19,1.0,450000.0
list.am,24017988,"2 սենյականոց բնակարան նորակառույց շենքում Գյուրջյան փողոցում Նոր Նորքում, 50 քմ, 8/16 հարկ",250000.0,AMD,monthly,Nor Nork,2,50.0,8,16,2026-08-19 13:03:38.413540+00:00,Նոր Նորք,Yerevan,2026-08-19,2026-08-19,1.0,250000.0
list.am,24017637,"2 սենյականոց բնակարան նորակառույց շենքում Ադոնցի փողոցում Արաբկիրում, 55 քմ, նախավերջին հարկ",350000.0,AMD,monthly,Arabkir,2,55.0,7,8,2026-08-19 13:03:38.413540+00:00,Արաբկիր,Yerevan,2026-08-19,2026-08-19,1.0,350000.0
list.am,24017190,"2 սենյականոց բնակարան նորակառույց շենքում Փավստոս Բուզանդի փողոցում կենտրոնում, 70 քմ, 8/15 հարկ",1500.0,USD,monthly,Kentron,2,70.0,8,15,2026-08-19 13:03:38.413540+00:00,Կենտրոն,Yerevan,2026-08-19,2026-08-19,364.96,547440.0
list.am,24013162,"2 սենյականոց բնակարան նորակառույց շենքում Քըրք Քըրքորյան փողոցում Աջափնյակում, 50 քմ, 7/18 հարկ",350000.0,AMD,monthly,Ajapnyak,2,50.0,7,18,2026-08-19 13:03:38.413540+00:00,Աջափնյակ,Yerevan,2026-08-19,2026-08-19,1.0,350000.0
list.am,23989439,"2 սենյականոց բնակարան նորակառույց շենքում Ադոնցի փողոցում Արաբկիրում, 60 քմ, 6/8 հարկ",350000.0,AMD,monthly,Arabkir,2,60.0,6,8,2026-08-19 13:03:38.413540+00:00,Արաբկիր,Yerevan,2026-08-19,2026-08-19,1.0,350000.0
list.am,23961625,"2 սենյականոց բնակարան նորակառույց շենքում Ադոնցի փողոցում Արաբկիրում, 50 քմ, 4/8 հարկ",380000.0,AMD,monthly,Arabkir,2,50.0,4,8,2026-08-19 13:03:38.413540+00:00,Արաբկիր,Yerevan,2026-08-19,2026-08-19,1.0,380000.0
list.am,23962185,"2 սենյականոց բնակարան նորակառույց շենքում Ծարավ Աղբյուրի փողոցում Ավանում, 70 քմ, 4/16 հարկ",300000.0,AMD,monthly,Avan,2,70.0,4,16,2026-08-19 13:03:38.413540+00:00,Ավան,Yerevan,2026-08-19,2026-08-19,1.0,300000.0
list.am,24007567,"3 սենյականոց բնակարան նորակառույց շենքում Քըրք Քըրքորյան փողոցում Աջափնյակում, 85 քմ, 3/16 հարկ",1000.0,EUR,monthly,Ajapnyak,3,85.0,3,16,2026-08-19 13:03:38.413540+00:00,Աջափնյակ,Yerevan,2026-08-19,2026-08-19,423.65,423650.0
list.am,23957416,"2 սենյականոց բնակարան նորակառույց շենքում Կոմիտասի պողոտայում Արաբկիրում, 75 քմ, 6/18 հարկ",430000.0,AMD,monthly,Arabkir,2,75.0,6,18,2026-08-19 13:03:38.413540+00:00,Արաբկիր,Yerevan,2026-08-19,2026-08-19,1.0,430000.0
list.am,23968405,"2 սենյականոց բնակարան նորակառույց շենքում Մելիք Մելիքյան փողոցում Քանաքեռ-Զեյթունում, 65 քմ",270000.0,AMD,monthly,Kanaker-Zeytun,2,65.0,12,12,2026-08-19 13:03:38.413540+00:00,Քանաքեռ-Զեյթուն,Yerevan,2026-08-19,2026-08-19,1.0,270000.0
list.am,23966441,"2 սենյականոց բնակարան նորակառույց շենքում Կոմիտասի պողոտայում Արաբկիրում, 74 քմ, 8/18 հարկ",520000.0,AMD,monthly,Arabkir,2,74.0,8,18,2026-08-19 13:03:38.413540+00:00,Արաբկիր,Yerevan,2026-08-19,2026-08-19,1.0,520000.0
list.am,24021403,"3 սենյականոց բնակարան նորակառույց շենքում Կոմիտասի պողոտայում Արաբկիրում, 91 քմ, 6/12 հարկ",500000.0,AMD,monthly,Arabkir,3,91.0,6,12,2026-08-19 13:03:38.413540+00:00,Արաբկիր,Yerevan,2026-08-19,2026-08-19,1.0,500000.0
list.am,23988559,"2 սենյականոց բնակարան նորակառույց շենքում Գրիբոյեդովի փողոցում Արաբկիրում, 85 քմ, 7/14 հարկ",450000.0,AMD,monthly,Arabkir,2,85.0,7,14,2026-08-19 13:03:38.413540+00:00,Արաբկիր,Yerevan,2026-08-19,2026-08-19,1.0,450000.0
list.am,24013518,"2 սենյականոց բնակարան նորակառույց շենքում Շինարարների փողոցում Աջափնյակում, 60 քմ, 2/15 հարկ",270000.0,AMD,monthly,Ajapnyak,2,60.0,2,15,2026-08-19 13:03:38.413540+00:00,Աջափնյակ,Yerevan,2026-08-19,2026-08-19,1.0,270000.0
list.am,23992934,"2 սենյականոց բնակարան նորակառույց շենքում Քըրք Քըրքորյան փողոցում Աջափնյակում, 66 քմ, 14/18 հարկ",530000.0,AMD,monthly,Ajapnyak,2,66.0,14,18,2026-08-19 13:03:38.413540+00:00,Աջափնյակ,Yerevan,2026-08-19,2026-08-19,1.0,530000.0
list.am,24036611,"1 room apartment in a new building on Yerevan Highway in Gyumri, 35 sq.m., stone building",150000.0,AMD,monthly,,1,35.0,3,3,2026-08-23 02:06:56.103547+00:00,Gyumri,Gyumri,2026-08-23,2026-08-23,1.0,150000.0
list.am,24084933,"4 սենյականոց բնակարան նորակառույց շենքում Նելսոն Ստեփանյան փողոցում Նոր Նորքում, 150 քմ",850000.0,AMD,monthly,Nor Nork,4,150.0,15,15,2026-08-19 13:03:38.413540+00:00,Նոր Նորք,Yerevan,2026-08-19,2026-08-19,1.0,850000.0
list.am,21370692,"3 սենյականոց բնակարան Նարեկացի թաղամասում Ավանում, 82 քմ, 6/16 հարկ",250000.0,AMD,monthly,Avan,3,82.0,6,16,2026-08-19 13:03:38.413540+00:00,Ավան,Yerevan,2026-08-19,2026-08-19,1.0,250000.0
list.am,24009427,"2 սենյականոց բնակարան Սայաթ-Նովա թաղամասում Ավանում, 43 քմ, 6/9 հարկ",250000.0,AMD,monthly,Avan,2,43.0,6,9,2026-08-19 13:03:38.413540+00:00,Ավան,Yerevan,2026-08-19,2026-08-19,1.0,250000.0
list.am,24076753,"2 սենյականոց բնակարան նորակառույց շենքում Արշակունյաց պողոտայում կենտրոնում, 58 քմ, 18/20 հարկ",500000.0,AMD,monthly,Kentron,2,58.0,18,20,2026-08-19 13:03:38.413540+00:00,Կենտրոն,Yerevan,2026-08-19,2026-08-19,1.0,500000.0
list.am,24076789,"2 սենյականոց բնակարան նորակառույց շենքում Արշակունյաց պողոտայում կենտրոնում, 55 քմ, բարձր առաստաղներ",900000.0,AMD,monthly,Kentron,2,55.0,20,20,2026-08-19 13:03:38.413540+00:00,Կենտրոն,Yerevan,2026-08-19,2026-08-19,1.0,900000.0
list.am,23480020,"3 սենյականոց բնակարան Դավթաշեն 4-րդ թաղամասում Դավթաշենում, 85 քմ, 5/14 հարկ, 2 սանհանգույց",350000.0,AMD,monthly,Davtashen,3,85.0,5,14,2026-08-19 13:03:38.413540+00:00,Դավթաշեն,Yerevan,2026-08-19,2026-08-19,1.0,350000.0
list.am,22443836,"2 սենյականոց բնակարան Բրյուսով թաղամասում Ավանում, 42 քմ, 2/9 հարկ",220000.0,AMD,monthly,Avan,2,42.0,2,9,2026-08-19 13:03:38.413540+00:00,Ավան,Yerevan,2026-08-19,2026-08-19,1.0,220000.0
list.am,21651658,"3 սենյականոց բնակարան Հին երևանցու փողոցում կենտրոնում, 78 քմ, 4/10 հարկ, բարձր առաստաղներ",500000.0,AMD,monthly,Kentron,3,78.0,4,10,2026-08-19 13:03:38.413540+00:00,Կենտրոն,Yerevan,2026-08-19,2026-08-19,1.0,500000.0
list.am,22578785,"3 սենյականոց բնակարան Արշակունյաց պողոտայում Շենգավիթում, 85 քմ, 3/5 հարկ, 2 սանհանգույց",360000.0,AMD,monthly,Shengavit,3,85.0,3,5,2026-08-19 13:03:38.413540+00:00,Շենգավիթ,Yerevan,2026-08-19,2026-08-19,1.0,360000.0
list.am,24080137,"3 սենյականոց բնակարան նորակառույց շենքում Գյուրջյան փողոցում Նոր Նորքում, 70 քմ",330000.0,AMD,monthly,Nor Nork,3,70.0,16,16,2026-08-19 13:03:38.413540+00:00,Նոր Նորք,Yerevan,2026-08-19,2026-08-19,1.0,330000.0
list.am,20584525,"2 սենյականոց բնակարան նորակառույց շենքում Կարապետ Ուլնեցու փողոցում Քանաքեռ-Զեյթունում, 67 քմ",430000.0,AMD,monthly,Kanaker-Zeytun,2,67.0,10,16,2026-08-19 13:03:38.413540+00:00,Քանաքեռ-Զեյթուն,Yerevan,2026-08-19,2026-08-19,1.0,430000.0
list.am,22646211,"3 սենյականոց բնակարան նորակառույց շենքում Արգիշտիի փողոցում կենտրոնում, 80 քմ, 2/15 հարկ",2200.0,USD,monthly,Kentron,3,80.0,2,15,2026-08-19 13:03:38.413540+00:00,Կենտրոն,Yerevan,2026-08-19,2026-08-19,364.96,802912.0
list.am,22709638,"2 սենյականոց բնակարան նորակառույց շենքում Արամ Խաչատրյան փողոցում Արաբկիրում, 70 քմ, 14/16 հարկ",1500.0,USD,monthly,Arabkir,2,70.0,14,16,2026-08-19 13:03:38.413540+00:00,Արաբկիր,Yerevan,2026-08-19,2026-08-19,364.96,547440.0
list.am,22878372,"3 սենյականոց բնակարան Աբովյան փողոցում կենտրոնում, 90 քմ, 2 սանհանգույց, բարձր առաստաղներ, քարե շենք",600000.0,AMD,monthly,Kentron,3,90.0,4,4,2026-08-19 13:03:38.413540+00:00,Կենտրոն,Yerevan,2026-08-19,2026-08-19,1.0,600000.0
list.am,24042591,"3 սենյականոց բնակարան նորակառույց շենքում Պարույր Սևակի փողոցում Քանաքեռ-Զեյթունում, 65 քմ",350000.0,AMD,monthly,Kanaker-Zeytun,3,65.0,14,18,2026-08-19 13:03:38.413540+00:00,Քանաքեռ-Զեյթուն,Yerevan,2026-08-19,2026-08-19,1.0,350000.0
list.am,23871491,"3 սենյականոց բնակարան նորակառույց շենքում Կարապետ Ուլնեցու փողոցում Քանաքեռ-Զեյթունում, 110 քմ",420000.0,AMD,monthly,Kanaker-Zeytun,3,110.0,7,16,2026-08-19 13:03:38.413540+00:00,Քանաքեռ-Զեյթուն,Yerevan,2026-08-19,2026-08-19,1.0,420000.0
list.am,23645711,"2 սենյականոց բնակարան նորակառույց շենքում Մոնթե Մելքոնյան փողոցում Մալաթիա-Սեբաստիայում, 86 քմ",350000.0,AMD,monthly,Malatia-Sebastia,2,86.0,6,12,2026-08-19 13:03:38.413540+00:00,Մալաթիա-Սեբաստիա,Yerevan,2026-08-19,2026-08-19,1.0,350000.0
list.am,24077376,"2 սենյականոց բնակարան Թումանյան փողոցում կենտրոնում, 70 քմ, 3/5 հարկ, բարձր առաստաղներ, քարե շենք",370000.0,AMD,monthly,Kentron,2,70.0,3,5,2026-08-19 13:03:38.413540+00:00,Կենտրոն,Yerevan,2026-08-19,2026-08-19,1.0,370000.0
list.am,24077021,"3 սենյականոց բնակարան Արշակունյաց պողոտայում Շենգավիթում, 70 քմ, բարձր առաստաղներ, քարե շենք",300000.0,AMD,monthly,Shengavit,3,70.0,5,5,2026-08-19 13:03:38.413540+00:00,Շենգավիթ,Yerevan,2026-08-19,2026-08-19,1.0,300000.0
list.am,23806986,"2 սենյականոց բնակարան Ազատության պողոտայում Արաբկիրում, 65 քմ, 7/14 հարկ, 2 սանհանգույց",330000.0,AMD,monthly,Arabkir,2,65.0,7,14,2026-08-19 13:03:38.413540+00:00,Արաբկիր,Yerevan,2026-08-19,2026-08-19,1.0,330000.0
list.am,24071664,"3 սենյականոց բնակարան Կոմիտասի պողոտայում Արաբկիրում, 78 քմ, բարձր առաստաղներ, քարե շենք",390000.0,AMD,monthly,Arabkir,3,78.0,4,4,2026-08-19 13:03:38.413540+00:00,Արաբկիր,Yerevan,2026-08-19,2026-08-19,1.0,390000.0
list.am,21370695,"2 սենյականոց բնակարան Սայաթ-Նովա թաղամասում Ավանում, 43 քմ",220000.0,AMD,monthly,Avan,2,43.0,9,9,2026-08-19 13:03:38.413540+00:00,Ավան,Yerevan,2026-08-19,2026-08-19,1.0,220000.0
list.am,22673241,"2 սենյականոց բնակարան Հին երևանցու փողոցում կենտրոնում, 54 քմ, 5/10 հարկ",300000.0,AMD,monthly,Kentron,2,54.0,5,10,2026-08-19 13:03:38.413540+00:00,Կենտրոն,Yerevan,2026-08-19,2026-08-19,1.0,300000.0
list.am,22675495,"2 սենյականոց բնակարան նորակառույց շենքում Տիգրան Պետրոսյան փողոցում Դավթաշենում, 40 քմ, 9/12 հարկ",260000.0,AMD,monthly,Davtashen,2,40.0,9,12,2026-08-19 13:03:38.413540+00:00,Դավթաշեն,Yerevan,2026-08-19,2026-08-19,1.0,260000.0
list.am,22612592,"2 սենյականոց բնակարան նորակառույց շենքում Հին երևանցու փողոցում կենտրոնում, 75 քմ, 9/12 հարկ",500000.0,AMD,monthly,Kentron,2,75.0,9,12,2026-08-19 13:03:38.413540+00:00,Կենտրոն,Yerevan,2026-08-19,2026-08-19,1.0,500000.0
list.am,24017224,"2 սենյականոց բնակարան նորակառույց շենքում Փավստոս Բուզանդի փողոցում կենտրոնում, 68 քմ, 8/16 հարկ",1500.0,USD,monthly,Kentron,2,68.0,8,16,2026-08-19 13:03:38.413540+00:00,Կենտրոն,Yerevan,2026-08-19,2026-08-19,364.96,547440.0
list.am,24013307,"2 սենյականոց բնակարան նորակառույց շենքում Կոմիտասի պողոտայում Արաբկիրում, 63 քմ, 15/20 հարկ",430000.0,AMD,monthly,Arabkir,2,63.0,15,20,2026-08-19 13:03:38.413540+00:00,Արաբկիր,Yerevan,2026-08-19,2026-08-19,1.0,430000.0
list.am,23531328,"3 սենյականոց բնակարան Հին երևանցու փողոցում կենտրոնում, 88 քմ, նախավերջին հարկ",2500.0,USD,monthly,Kentron,3,88.0,8,9,2026-08-19 13:03:38.413540+00:00,Կենտրոն,Yerevan,2026-08-19,2026-08-19,364.96,912400.0
list.am,24054026,"2 սենյականոց բնակարան նորակառույց շենքում Չեխովի փողոցում Շենգավիթում, 60 քմ, նախավերջին հարկ",270000.0,AMD,monthly,Shengavit,2,60.0,6,7,2026-08-19 13:03:38.413540+00:00,Շենգավիթ,Yerevan,2026-08-19,2026-08-19,1.0,270000.0
list.am,24032790,"2 room apartment in a new building on Paruyr Sevak Street in Kanaker-Zeytun, 75 sq.m., 3/18 floor",380000.0,AMD,monthly,Kanaker-Zeytun,2,75.0,3,18,2026-08-19 12:52:15.955691+00:00,Kanaker-Zeytun,Yerevan,2026-08-19,2026-08-19,1.0,380000.0
list.am,24077046,"4 room apartment in a new building on Minsk Street in Nor Nork, 86 sq.m., high ceilings",250000.0,AMD,monthly,Nor Nork,4,86.0,6,6,2026-08-19 12:52:15.955691+00:00,Nor Nork,Yerevan,2026-08-19,2026-08-19,1.0,250000.0
list.am,24122232,"3 room apartment on Tigran Petrosyan Street in Davtashen, 85 sq.m., 5/14 floor, 2 bathrooms",320000.0,AMD,monthly,Davtashen,3,85.0,5,14,2026-08-19 12:52:15.955691+00:00,Davtashen,Yerevan,2026-08-19,2026-08-19,1.0,320000.0
list.am,24010990,"2 room apartment in a new building on Davit Anhaght Street in Kanaker-Zeytun, 60 sq.m., 15/19 floor",1350.0,USD,monthly,Kanaker-Zeytun,2,60.0,15,19,2026-08-19 12:52:15.955691+00:00,Kanaker-Zeytun,Yerevan,2026-08-19,2026-08-19,364.96,492696.0
list.am,24068922,"Spacious 4 room apartment in a new building on Northern Avenue in the center, 230 sq.m., 5/18 floor",3000.0,USD,monthly,Kentron,4,230.0,5,18,2026-08-19 12:52:15.955691+00:00,Kentron,Yerevan,2026-08-19,2026-08-19,364.96,1094880.0
list.am,21691503,"2 room apartment on Komitas Avenue in Arabkir, 80 sq.m., 3/5 floor, high ceilings, stone building",310000.0,AMD,monthly,Arabkir,2,80.0,3,5,2026-08-19 12:52:15.955691+00:00,Arabkir,Yerevan,2026-08-19,2026-08-19,1.0,310000.0
list.am,19682293,"2 room apartment in a new building on Komitas Avenue in Arabkir, 64 sq.m., second to last floor",300000.0,AMD,monthly,Arabkir,2,64.0,15,16,2026-08-19 12:52:15.955691+00:00,Arabkir,Yerevan,2026-08-19,2026-08-19,1.0,300000.0
list.am,24121707,"Spacious 2 room apartment in a new building on Hin Yerevantsu Street in the center, 110 sq.m.",2000.0,USD,monthly,Kentron,2,110.0,6,10,2026-08-19 12:52:15.955691+00:00,Kentron,Yerevan,2026-08-19,2026-08-19,364.96,729920.0
list.am,24121683,"3 room apartment in a new building on Northern Avenue in the center, 147 sq.m., 2/6 floor",2500.0,USD,monthly,Kentron,3,147.0,2,6,2026-08-19 12:52:15.955691+00:00,Kentron,Yerevan,2026-08-19,2026-08-19,364.96,912400.0
list.am,22846393,"2 room apartment in a new building on Komitas Avenue in Arabkir, 75 sq.m., 15/18 floor",350000.0,AMD,monthly,Arabkir,2,75.0,15,18,2026-08-19 12:52:15.955691+00:00,Arabkir,Yerevan,2026-08-19,2026-08-19,1.0,350000.0
list.am,21749643,"2 room apartment on Komitas Avenue in Arabkir, 75 sq.m., 3/5 floor, high ceilings, stone building",300000.0,AMD,monthly,Arabkir,2,75.0,3,5,2026-08-19 12:52:15.955691+00:00,Arabkir,Yerevan,2026-08-19,2026-08-19,1.0,300000.0
list.am,24121349,"2 room apartment in a new building on Komitas Avenue in Arabkir, 60 sq.m., 8/18 floor, high ceilings",400000.0,AMD,monthly,Arabkir,2,60.0,8,18,2026-08-19 12:52:15.955691+00:00,Arabkir,Yerevan,2026-08-19,2026-08-19,1.0,400000.0
list.am,23975259,"2 room apartment on Voskerichner Street in the center, 45 sq.m., 1/2 floor, stone building",260000.0,AMD,monthly,Kentron,2,45.0,1,2,2026-08-19 12:52:15.955691+00:00,Kentron,Yerevan,2026-08-19,2026-08-19,1.0,260000.0
list.am,23557128,"3 room apartment in a new building on Hin Yerevantsu Street in the center, 120 sq.m., 8/12 floor",3000.0,USD,monthly,Kentron,3,120.0,8,12,2026-08-19 12:52:15.955691+00:00,Kentron,Yerevan,2026-08-19,2026-08-19,364.96,1094880.0
list.am,22649777,"2 room apartment on Yeznik Koghbatsi Street in the center, 43 sq.m., 9/11 floor, 2 bathrooms",1300.0,USD,monthly,Kentron,2,43.0,9,11,2026-08-19 12:52:15.955691+00:00,Kentron,Yerevan,2026-08-19,2026-08-19,364.96,474448.0
list.am,24077301,"3 room apartment in a new building on Paruyr Sevak Street in Kanaker-Zeytun, 103 sq.m.",550000.0,AMD,monthly,Kanaker-Zeytun,3,103.0,15,16,2026-08-19 12:52:15.955691+00:00,Kanaker-Zeytun,Yerevan,2026-08-19,2026-08-19,1.0,550000.0
list.am,23416523,"2 room apartment on Adonts Street in Arabkir, 50 sq.m., high ceilings, bricks building",350000.0,AMD,monthly,Arabkir,2,50.0,8,8,2026-08-19 12:52:15.955691+00:00,Arabkir,Yerevan,2026-08-19,2026-08-19,1.0,350000.0
list.am,24120968,"4 room apartment in a new building on Frik Street in the center, 130 sq.m., 3+ bathrooms",3000.0,USD,monthly,Kentron,4,130.0,6,6,2026-08-19 12:52:15.955691+00:00,Kentron,Yerevan,2026-08-19,2026-08-19,364.96,1094880.0
list.am,21576048,"1 room apartment on Komitas Avenue in Arabkir, 36 sq.m., second to last floor, stone building",170000.0,AMD,monthly,Arabkir,1,36.0,3,4,2026-08-19 12:52:15.955691+00:00,Arabkir,Yerevan,2026-08-19,2026-08-19,1.0,170000.0
list.am,24010132,"2 room apartment in a new building on Arshakunyats Avenue in the center, 55 sq.m., 7/20 floor",900000.0,AMD,monthly,Kentron,2,55.0,7,20,2026-08-19 12:52:15.955691+00:00,Kentron,Yerevan,2026-08-19,2026-08-19,1.0,900000.0
list.am,22717206,"2 room apartment on Hin Yerevantsu Street in the center, 50 sq.m., 5/10 floor, high ceilings",330000.0,AMD,monthly,Kentron,2,50.0,5,10,2026-08-19 12:52:15.955691+00:00,Kentron,Yerevan,2026-08-19,2026-08-19,1.0,330000.0
list.am,24012602,"2 room apartment in a new building on Anastas Mikoyan Street in Davtashen, 74 sq.m., 14/18 floor",430000.0,AMD,monthly,Davtashen,2,74.0,14,18,2026-08-19 12:52:15.955691+00:00,Davtashen,Yerevan,2026-08-19,2026-08-19,1.0,430000.0
list.am,24007896,"3 room apartment on James Bryce Street in the center, 55 sq.m., 2/2 floor, high ceilings",320000.0,AMD,monthly,Kentron,3,55.0,2,2,2026-08-19 12:52:15.955691+00:00,Kentron,Yerevan,2026-08-19,2026-08-19,1.0,320000.0
list.am,23914070,"3 room apartment in a new building on Adonts Street in Arabkir, 80 sq.m., 5/14 floor",480000.0,AMD,monthly,Arabkir,3,80.0,5,14,2026-08-19 12:52:15.955691+00:00,Arabkir,Yerevan,2026-08-19,2026-08-19,1.0,480000.0
list.am,23910073,"2 room apartment in a new building on Adonts Street in Arabkir, 55 sq.m., 2/8 floor",340000.0,AMD,monthly,Arabkir,2,55.0,2,8,2026-08-19 12:52:15.955691+00:00,Arabkir,Yerevan,2026-08-19,2026-08-19,1.0,340000.0
list.am,23910082,"2 room apartment in a new building on Adonts Street in Arabkir, 57 sq.m., 8/19 floor",400000.0,AMD,monthly,Arabkir,2,57.0,8,19,2026-08-19 12:52:15.955691+00:00,Arabkir,Yerevan,2026-08-19,2026-08-19,1.0,400000.0
list.am,23914098,"2 room apartment in a new building on Paruyr Sevak Street in Kanaker-Zeytun, 71 sq.m., 12/18 floor",350000.0,AMD,monthly,Kanaker-Zeytun,2,71.0,12,18,2026-08-19 12:52:15.955691+00:00,Kanaker-Zeytun,Yerevan,2026-08-19,2026-08-19,1.0,350000.0
list.am,23973183,"3 room apartment on Nalbandyan Street in the center, 116 sq.m., 2/4 floor, high ceilings",500000.0,AMD,monthly,Kentron,3,116.0,2,4,2026-08-19 12:52:15.955691+00:00,Kentron,Yerevan,2026-08-19,2026-08-19,1.0,500000.0
list.am,23989968,"Spacious 2 room apartment in a new building on Baghramyan Avenue in the center, 115 sq.m.",2500.0,USD,monthly,Kentron,2,115.0,17,17,2026-08-19 12:52:15.955691+00:00,Kentron,Yerevan,2026-08-19,2026-08-19,364.96,912400.0
list.am,24075803,"2 room apartment in a new building on Komitas Avenue in Arabkir, 80 sq.m., 8/18 floor, high ceilings",450000.0,AMD,monthly,Arabkir,2,80.0,8,18,2026-08-19 12:52:15.955691+00:00,Arabkir,Yerevan,2026-08-19,2026-08-19,1.0,450000.0
list.am,24088952,"2 room apartment in a new building on Komitas Avenue in Arabkir, 68 sq.m., 15/20 floor",500000.0,AMD,monthly,Arabkir,2,68.0,15,20,2026-08-19 12:52:15.955691+00:00,Arabkir,Yerevan,2026-08-19,2026-08-19,1.0,500000.0
list.am,24107332,"1 room apartment on Komitas Avenue in Arabkir, 37 sq.m., 3/5 floor, stone building",200000.0,AMD,monthly,Arabkir,1,37.0,3,5,2026-08-19 12:52:15.955691+00:00,Arabkir,Yerevan,2026-08-19,2026-08-19,1.0,200000.0
list.am,23237265,"3 room apartment in a new building on Karapet Ulnetsi Street in Kanaker-Zeytun, 75 sq.m., 7/16 floor",400000.0,AMD,monthly,Kanaker-Zeytun,3,75.0,7,16,2026-08-19 12:52:15.955691+00:00,Kanaker-Zeytun,Yerevan,2026-08-19,2026-08-19,1.0,400000.0
list.am,23391776,"2 room apartment in a new building, Аршакуняц in the center, 60 sq.m., 5/18 floor, high ceilings",450000.0,AMD,monthly,Kentron,2,60.0,5,18,2026-08-19 12:52:15.955691+00:00,Kentron,Yerevan,2026-08-19,2026-08-19,1.0,450000.0
list.am,23372877,"3 room apartment in a new building on Aghbyur Serob Street in Arabkir, 87 sq.m., 4/8 floor",520000.0,AMD,monthly,Arabkir,3,87.0,4,8,2026-08-19 12:52:15.955691+00:00,Arabkir,Yerevan,2026-08-19,2026-08-19,1.0,520000.0
list.am,23390516,"2 room apartment on Komitas Avenue in the center, 68 sq.m., high ceilings, bricks building",320000.0,AMD,monthly,Kentron,2,68.0,5,5,2026-08-19 12:52:15.955691+00:00,Kentron,Yerevan,2026-08-19,2026-08-19,1.0,320000.0
list.am,23383694,"2 room apartment in a new building on Anastas Mikoyan Street in Davtashen, 60 sq.m., 12/16 floor",420000.0,AMD,monthly,Davtashen,2,60.0,12,16,2026-08-19 12:52:15.955691+00:00,Davtashen,Yerevan,2026-08-19,2026-08-19,1.0,420000.0
list.am,23390880,"3 room apartment in a new building on Arshakunyats Avenue in the center, 85 sq.m., 9/16 floor",600000.0,AMD,monthly,Kentron,3,85.0,9,16,2026-08-19 12:52:15.955691+00:00,Kentron,Yerevan,2026-08-19,2026-08-19,1.0,600000.0
list.am,23416550,"2 room apartment in a new building on Komitas Avenue in the center, 75 sq.m., second to last floor",600000.0,AMD,monthly,Kentron,2,75.0,17,18,2026-08-19 12:52:15.955691+00:00,Kentron,Yerevan,2026-08-19,2026-08-19,1.0,600000.0
list.am,24072549,"3 room apartment on Amiryan Street in the center, 103 sq.m., 12/14 floor, 2 bathrooms",400000.0,AMD,monthly,Kentron,3,103.0,12,14,2026-08-19 12:52:15.955691+00:00,Kentron,Yerevan,2026-08-19,2026-08-19,1.0,400000.0
list.am,22816884,"1 room apartment in a new building on Argishti Street in the center, 27 sq.m., 3/15 floor",290000.0,AMD,monthly,Kentron,1,27.0,3,15,2026-08-19 12:52:15.955691+00:00,Kentron,Yerevan,2026-08-19,2026-08-19,1.0,290000.0
list.am,23881052,"2 room apartment on Koryun Street 1st Lane in the center, 55 sq.m., 3/5 floor, high ceilings",900.0,USD,monthly,Kentron,2,55.0,3,5,2026-08-19 12:52:15.955691+00:00,Kentron,Yerevan,2026-08-19,2026-08-19,364.96,328464.0
list.am,24029153,"2 room apartment in a new building on Komitas Avenue in Arabkir, 70 sq.m., 5/18 floor, high ceilings",530000.0,AMD,monthly,Arabkir,2,70.0,5,18,2026-08-19 12:52:15.955691+00:00,Arabkir,Yerevan,2026-08-19,2026-08-19,1.0,530000.0
list.am,24014868,"1 room apartment on Gyulbenkyan Street in Arabkir, 45 sq.m., 2/5 floor, high ceilings",340000.0,AMD,monthly,Arabkir,1,45.0,2,5,2026-08-19 12:52:15.955691+00:00,Arabkir,Yerevan,2026-08-19,2026-08-19,1.0,340000.0
list.am,22659589,"3 room apartment on Komitas Avenue in Arabkir, 83 sq.m., high ceilings, stone building",360000.0,AMD,monthly,Arabkir,3,83.0,4,4,2026-08-19 12:52:15.955691+00:00,Arabkir,Yerevan,2026-08-19,2026-08-19,1.0,360000.0
list.am,23912814,"2 room apartment on Khorenatsi Street in the center, 70 sq.m., 11/16 floor",270000.0,AMD,monthly,Kentron,2,70.0,11,16,2026-08-19 12:52:15.955691+00:00,Kentron,Yerevan,2026-08-19,2026-08-19,1.0,270000.0
list.am,24044517,"3 room apartment on Hin Yerevantsu Street in the center, 105 sq.m.",650000.0,AMD,monthly,Kentron,3,105.0,11,11,2026-08-19 12:52:15.955691+00:00,Kentron,Yerevan,2026-08-19,2026-08-19,1.0,650000.0
list.am,23743645,"3 room apartment on Saryan Street in the center, 69 sq.m., 1/5 floor, stone building",1500.0,USD,monthly,Kentron,3,69.0,1,5,2026-08-19 12:52:15.955691+00:00,Kentron,Yerevan,2026-08-19,2026-08-19,364.96,547440.0
list.am,23707950,"3 room apartment on Hin Yerevantsu Street in the center, 93 sq.m., second to last floor",1900.0,USD,monthly,Kentron,3,93.0,8,9,2026-08-19 12:52:15.955691+00:00,Kentron,Yerevan,2026-08-19,2026-08-19,364.96,693424.0
list.am,19614103,"3 room apartment on Hin Yerevantsu Street, 78 sq.m., 5/11 floor, major renovation",900.0,USD,monthly,Kentron,3,78.0,5,11,2026-08-19 12:52:15.955691+00:00,Kentron,Yerevan,2026-08-19,2026-08-19,364.96,328464.0
list.am,24093753,"3 room apartment on Nar-Dos Street in the center, 100 sq.m.",400000.0,AMD,monthly,Kentron,3,100.0,9,9,2026-08-19 12:52:15.955691+00:00,Kentron,Yerevan,2026-08-19,2026-08-19,1.0,400000.0
list.am,23999437,"2 room apartment in a new building on Pap Tagavor Street in the center, 80 sq.m.",800000.0,AMD,monthly,Kentron,2,80.0,3,4,2026-08-19 12:52:15.955691+00:00,Kentron,Yerevan,2026-08-19,2026-08-19,1.0,800000.0
list.am,24118159,"2 room apartment in a new building on Argishti Street in the center, 53 sq.m., 5/13 floor",350000.0,AMD,monthly,Kentron,2,53.0,5,13,2026-08-19 12:52:15.955691+00:00,Kentron,Yerevan,2026-08-19,2026-08-19,1.0,350000.0
list.am,23972935,"3 room apartment in a new building on Nalbandyan Street in the center, 85 sq.m., 8/10 floor",2700.0,USD,monthly,Kentron,3,85.0,8,10,2026-08-19 12:52:15.955691+00:00,Kentron,Yerevan,2026-08-19,2026-08-19,364.96,985392.0
list.am,23995398,"Spacious 3 room apartment in a new building on Tsitsernakaberd Highway in the center, 174 sq.m.",1500000.0,AMD,monthly,Kentron,3,174.0,13,13,2026-08-19 12:52:15.955691+00:00,Kentron,Yerevan,2026-08-19,2026-08-19,1.0,1500000.0
list.am,23960842,"1 room apartment on Khaghagh Doni Street in Erebuni, 49 sq.m., 1/9 floor",200000.0,AMD,monthly,Erebuni,1,49.0,1,9,2026-08-19 12:52:15.955691+00:00,Erebuni,Yerevan,2026-08-19,2026-08-19,1.0,200000.0
list.am,24021856,"1 room apartment on Lazo Street Lane in Shengavit, 50 sq.m., 4/9 floor, high ceilings",250000.0,AMD,monthly,Shengavit,1,50.0,4,9,2026-08-19 12:52:15.955691+00:00,Shengavit,Yerevan,2026-08-19,2026-08-19,1.0,250000.0
list.am,23195666,"4 room apartment in a new building, Մոնթե Մելքոնյան փողոց in Ajapnyak, 130 sq.m.",600000.0,AMD,monthly,Ajapnyak,4,130.0,16,17,2026-08-19 12:52:15.955691+00:00,Ajapnyak,Yerevan,2026-08-19,2026-08-19,1.0,600000.0
list.am,21737262,"3 room apartment on Hin Yerevantsu Street in the center, 70 sq.m., 4/10 floor, 2 bathrooms",450000.0,AMD,monthly,Kentron,3,70.0,4,10,2026-08-19 12:52:15.955691+00:00,Kentron,Yerevan,2026-08-19,2026-08-19,1.0,450000.0
list.am,24053577,"2 room apartment in a new building on Karapet Ulnetsi Street in Kanaker-Zeytun, 65 sq.m., 9/16 floor",450000.0,AMD,monthly,Kanaker-Zeytun,2,65.0,9,16,2026-08-19 12:52:15.955691+00:00,Kanaker-Zeytun,Yerevan,2026-08-19,2026-08-19,1.0,450000.0
list.am,22234226,"3 room apartment, Նարեկացի in Avan, 82 sq.m., 6/16 floor",250000.0,AMD,monthly,Avan,3,82.0,6,16,2026-08-19 12:52:15.955691+00:00,Avan,Yerevan,2026-08-19,2026-08-19,1.0,250000.0
list.am,24037458,"3 room apartment in a new building on Verin Antarayin Street in the center, 107 sq.m., 3/6 floor",3000.0,USD,monthly,Kentron,3,107.0,3,6,2026-08-19 12:52:15.955691+00:00,Kentron,Yerevan,2026-08-19,2026-08-19,364.96,1094880.0
list.am,24090639,"3 room apartment in a new building on Kirk Kerkorian Street in Ajapnyak, 84 sq.m., 14/16 floor",550000.0,AMD,monthly,Ajapnyak,3,84.0,14,16,2026-08-19 12:52:15.955691+00:00,Ajapnyak,Yerevan,2026-08-19,2026-08-19,1.0,550000.0
list.am,24089868,"2 room apartment in a new building on Paruyr Sevak Street in Kanaker-Zeytun, 74 sq.m., 8/16 floor",340000.0,AMD,monthly,Kanaker-Zeytun,2,74.0,8,16,2026-08-19 12:52:15.955691+00:00,Kanaker-Zeytun,Yerevan,2026-08-19,2026-08-19,1.0,340000.0
list.am,24089866,"2 room apartment in a new building on Komitas Avenue in Arabkir, 68 sq.m., 15/20 floor",500000.0,AMD,monthly,Arabkir,2,68.0,15,20,2026-08-19 12:52:15.955691+00:00,Arabkir,Yerevan,2026-08-19,2026-08-19,1.0,500000.0
list.am,24089107,"2 room apartment in a new building, Պարույր Սևակի փողոց in the center, 73 sq.m., high ceilings",350000.0,AMD,monthly,Kentron,2,73.0,16,16,2026-08-19 12:52:15.955691+00:00,Kentron,Yerevan,2026-08-19,2026-08-19,1.0,350000.0
list.am,24097325,"3 room apartment on Abovyan Street in the center, 90 sq.m., 2 bathrooms, high ceilings",1900.0,USD,monthly,Kentron,3,90.0,4,4,2026-08-19 12:52:15.955691+00:00,Kentron,Yerevan,2026-08-19,2026-08-19,364.96,693424.0
list.am,23973364,"4 room apartment on Hin Yerevantsu Street in the center, 93 sq.m., 4/11 floor, 2 bathrooms",800000.0,AMD,monthly,Kentron,4,93.0,4,11,2026-08-19 12:52:15.955691+00:00,Kentron,Yerevan,2026-08-19,2026-08-19,1.0,800000.0
list.am,24077118,"3 room apartment on Dro Street in Kanaker-Zeytun, 85 sq.m., second to last floor",350000.0,AMD,monthly,Kanaker-Zeytun,3,85.0,15,16,2026-08-19 12:52:15.955691+00:00,Kanaker-Zeytun,Yerevan,2026-08-19,2026-08-19,1.0,350000.0
list.am,21791338,"2 room apartment in a new building on Hin Yerevantsu Street in the center, 57 sq.m., 9/11 floor",1000.0,USD,monthly,Kentron,2,57.0,9,11,2026-08-19 12:52:15.955691+00:00,Kentron,Yerevan,2026-08-19,2026-08-19,364.96,364960.0
list.am,23869723,"3 room apartment in a new building on Verin Antarayin Street in the center, 107 sq.m., 3/6 floor",1100000.0,AMD,monthly,Kentron,3,107.0,3,6,2026-08-19 12:52:15.955691+00:00,Kentron,Yerevan,2026-08-19,2026-08-19,1.0,1100000.0
list.am,23966568,"2 room apartment in a new building on Komitas Avenue in Arabkir, 75 sq.m., 8/18 floor, high ceilings",520000.0,AMD,monthly,Arabkir,2,75.0,8,18,2026-08-19 12:52:15.955691+00:00,Arabkir,Yerevan,2026-08-19,2026-08-19,1.0,520000.0
list.am,23241880,"3 room apartment in a new building on Hin Yerevantsu Street in the center, 140 sq.m., 8/10 floor",2400.0,USD,monthly,Kentron,3,140.0,8,10,2026-08-19 12:52:15.955691+00:00,Kentron,Yerevan,2026-08-19,2026-08-19,364.96,875904.0
list.am,22595957,"2 room apartment in a new building on Hin Yerevantsu Street in the center, 72 sq.m., 9/12 floor",450000.0,AMD,monthly,Kentron,2,72.0,9,12,2026-08-19 12:52:15.955691+00:00,Kentron,Yerevan,2026-08-19,2026-08-19,1.0,450000.0
list.am,18825425,"4 room apartment in a new building on Paruyr Sevak Street in Kanaker-Zeytun, 120 sq.m., 9/15 floor",500000.0,AMD,monthly,Kanaker-Zeytun,4,120.0,9,15,2026-08-19 12:52:15.955691+00:00,Kanaker-Zeytun,Yerevan,2026-08-19,2026-08-19,1.0,500000.0
list.am,24116370,"2 room apartment in a new building on Anastas Mikoyan Street in Davtashen, 50 sq.m., 15/18 floor",300000.0,AMD,monthly,Davtashen,2,50.0,15,18,2026-08-19 12:52:15.955691+00:00,Davtashen,Yerevan,2026-08-19,2026-08-19,1.0,300000.0
list.am,22005886,"2 room apartment in a new building on Komitas Avenue in Arabkir, 60 sq.m., second to last floor",590000.0,AMD,monthly,Arabkir,2,60.0,2,3,2026-08-19 12:52:15.955691+00:00,Arabkir,Yerevan,2026-08-19,2026-08-19,1.0,590000.0
list.am,22006147,"3 room apartment in a new building on Komitas Avenue in Arabkir, 80 sq.m., second to last floor",640000.0,AMD,monthly,Arabkir,3,80.0,2,3,2026-08-19 12:52:15.955691+00:00,Arabkir,Yerevan,2026-08-19,2026-08-19,1.0,640000.0
list.am,23859461,"3 room apartment in a new building on Aram Street in the center, 110 sq.m., 14/17 floor",3500.0,USD,monthly,Kentron,3,110.0,14,17,2026-08-19 12:52:15.955691+00:00,Kentron,Yerevan,2026-08-19,2026-08-19,364.96,1277360.0
list.am,24071752,"2 room apartment in a new building on Karapet Ulnetsi Street in Kanaker-Zeytun, 80 sq.m.",420000.0,AMD,monthly,Kanaker-Zeytun,2,80.0,16,17,2026-08-19 12:52:15.955691+00:00,Kanaker-Zeytun,Yerevan,2026-08-19,2026-08-19,1.0,420000.0
list.am,19657027,"2 room apartment on Yerevan Highway in Gyumri, 62 sq.m., second to last floor, stone building",100000.0,AMD,monthly,,2,62.0,3,4,2026-08-19 12:52:15.955691+00:00,Gyumri,Gyumri,2026-08-19,2026-08-19,1.0,100000.0
list.am,18387691,"4 room apartment in Avan, 92 sq.m., 5/9 floor, 2 bathrooms",360000.0,AMD,monthly,Avan,4,92.0,5,9,2026-08-19 12:52:15.955691+00:00,Avan,Yerevan,2026-08-19,2026-08-19,1.0,360000.0
list.am,24115597,"2 room apartment on Saryan Street in the center, 52 sq.m., 3/5 floor, stone building",380000.0,AMD,monthly,Kentron,2,52.0,3,5,2026-08-19 12:52:15.955691+00:00,Kentron,Yerevan,2026-08-19,2026-08-19,1.0,380000.0
list.am,24115572,"3 room apartment on Kajaznuni Street in the center, 98 sq.m.",400000.0,AMD,monthly,Kentron,3,98.0,9,9,2026-08-19 12:52:15.955691+00:00,Kentron,Yerevan,2026-08-19,2026-08-19,1.0,400000.0
list.am,24115535,"2 room apartment on Halabyan Street in Ajapnyak, 50 sq.m., 1/2 floor, stone building",220000.0,AMD,monthly,Ajapnyak,2,50.0,1,2,2026-08-19 12:52:15.955691+00:00,Ajapnyak,Yerevan,2026-08-19,2026-08-19,1.0,220000.0
list.am,24085909,"3 room apartment on Dro Street in Kanaker-Zeytun, 90 sq.m., second to last floor",350000.0,AMD,monthly,Kanaker-Zeytun,3,90.0,15,16,2026-08-19 12:52:15.955691+00:00,Kanaker-Zeytun,Yerevan,2026-08-19,2026-08-19,1.0,350000.0
list.am,23811349,"3 room apartment on Hin Yerevantsu Street in the center, 93 sq.m., second to last floor",1900.0,USD,monthly,Kentron,3,93.0,8,9,2026-08-19 12:52:15.955691+00:00,Kentron,Yerevan,2026-08-19,2026-08-19,364.96,693424.0
list.am,24115135,"4 room apartment in a new building on Slavik Chiloyan Street in Arabkir, 96 sq.m., 2 bathrooms",320000.0,AMD,monthly,Arabkir,4,96.0,3,3,2026-08-19 12:52:15.955691+00:00,Arabkir,Yerevan,2026-08-19,2026-08-19,1.0,320000.0
list.am,24056803,"3 room apartment on Atoyan Street Lane in Erebuni, 55 sq.m., 6/9 floor, 2 bathrooms",270000.0,AMD,monthly,Erebuni,3,55.0,6,9,2026-08-19 12:52:15.955691+00:00,Erebuni,Yerevan,2026-08-19,2026-08-19,1.0,270000.0
list.am,23963253,"1 room apartment on Gyulbenkyan Street in Arabkir, 40 sq.m., 2/5 floor, high ceilings",380000.0,AMD,monthly,Arabkir,1,40.0,2,5,2026-08-19 12:52:15.955691+00:00,Arabkir,Yerevan,2026-08-19,2026-08-19,1.0,380000.0
list.am,24094796,"3 room apartment on Nikolay Rizhkov Street in Gyumri, 80 sq.m., 2/2 floor, high ceilings",200000.0,AMD,monthly,,3,80.0,2,2,2026-08-23 02:06:56.103547+00:00,Gyumri,Gyumri,2026-08-23,2026-08-23,1.0,200000.0
list.am,24067410,"2 room apartment on Khachatryan Street in Gyumri, 72 sq.m., 1/3 floor, stone building",150000.0,AMD,monthly,,2,72.0,1,3,2026-08-23 02:06:56.103547+00:00,Gyumri,Gyumri,2026-08-23,2026-08-23,1.0,150000.0
list.am,24093931,"3 room apartment on Paruyr Sevak Street in Gyumri, 62 sq.m., second to last floor",80000.0,AMD,monthly,,3,62.0,3,4,2026-08-23 02:06:56.103547+00:00,Gyumri,Gyumri,2026-08-23,2026-08-23,1.0,80000.0
list.am,24078191,"5 room apartment in a new building on Trdat Chartarapet Street in Gyumri, 98 sq.m.",150000.0,AMD,monthly,,5,98.0,4,5,2026-08-23 02:06:56.103547+00:00,Gyumri,Gyumri,2026-08-23,2026-08-23,1.0,150000.0
list.am,24086835,"2 room apartment in a new building on Avetik Isahakyan Street in Gyumri, 75 sq.m., 1/5 floor",200000.0,AMD,monthly,,2,75.0,1,5,2026-08-23 02:06:56.103547+00:00,Gyumri,Gyumri,2026-08-23,2026-08-23,1.0,200000.0
list.am,24093115,"2 room apartment on Maxim Gorki Street in Gyumri, 60 sq.m., stone building",150000.0,AMD,monthly,,2,60.0,5,5,2026-08-23 02:06:56.103547+00:00,Gyumri,Gyumri,2026-08-23,2026-08-23,1.0,150000.0
list.am,24093036,"3 room apartment in a new building on Trdat Chartarapet Street in Gyumri, 98 sq.m., 1/4 floor",150000.0,AMD,monthly,,3,98.0,1,4,2026-08-23 02:06:56.103547+00:00,Gyumri,Gyumri,2026-08-23,2026-08-23,1.0,150000.0
list.am,24091786,"3 room apartment on Yeghishe Charents Street in Gyumri, 84 sq.m., 2/4 floor",120000.0,AMD,monthly,,3,84.0,2,4,2026-08-23 02:06:56.103547+00:00,Gyumri,Gyumri,2026-08-23,2026-08-23,1.0,120000.0
list.am,18902226,"Spacious 1 room apartment on Vahan Teryan Street in Gyumri, 700 sq.m., 1/1 floor, high ceilings",90000.0,AMD,monthly,,1,700.0,1,1,2026-08-23 02:06:56.103547+00:00,Gyumri,Gyumri,2026-08-23,2026-08-23,1.0,90000.0
list.am,24090350,"Spacious 2 room apartment on Paruyr Sevak Street in Gyumri, 112 sq.m., second to last floor",150000.0,AMD,monthly,,2,112.0,3,4,2026-08-23 02:06:56.103547+00:00,Gyumri,Gyumri,2026-08-23,2026-08-23,1.0,150000.0
list.am,23746786,"2 room apartment on Bulvarayin Street 2nd Lane in Gyumri, 28 sq.m., 2/9 floor",100000.0,AMD,monthly,,2,28.0,2,9,2026-08-23 02:06:56.103547+00:00,Gyumri,Gyumri,2026-08-23,2026-08-23,1.0,100000.0
list.am,23957212,"2 room apartment in Mush 2 District in Gyumri, 66 sq.m., second to last floor, high ceilings",100000.0,AMD,monthly,,2,66.0,3,4,2026-08-23 02:06:56.103547+00:00,Gyumri,Gyumri,2026-08-23,2026-08-23,1.0,100000.0
list.am,23373764,"3 room apartment on Koshtօyan Street in Gyumri, 78 sq.m., second to last floor, high ceilings",130000.0,AMD,monthly,,3,78.0,4,5,2026-08-23 02:06:56.103547+00:00,Gyumri,Gyumri,2026-08-23,2026-08-23,1.0,130000.0
list.am,22045960,"3 room apartment on Nikolay Rizhkov Street in Gyumri, 73 sq.m., 2/2 floor, high ceilings",200000.0,AMD,monthly,,3,73.0,2,2,2026-08-23 02:06:56.103547+00:00,Gyumri,Gyumri,2026-08-23,2026-08-23,1.0,200000.0
list.am,20952726,"1 room apartment in a new building on Trdat Chartarapet Street in Gyumri, 50 sq.m., 2/4 floor",130000.0,AMD,monthly,,1,50.0,2,4,2026-08-23 02:06:56.103547+00:00,Gyumri,Gyumri,2026-08-23,2026-08-23,1.0,130000.0
list.am,23717661,"3 room apartment on Tigran Mets Avenue in Gyumri, 80 sq.m., second to last floor, stone building",150000.0,AMD,monthly,,3,80.0,2,3,2026-08-23 02:06:56.103547+00:00,Gyumri,Gyumri,2026-08-23,2026-08-23,1.0,150000.0
list.am,18220330,"3 room apartment in a new building on Trdat Chartarapet Street in Gyumri, 65 sq.m., 1/4 floor",100000.0,AMD,monthly,,3,65.0,1,4,2026-08-23 02:06:56.103547+00:00,Gyumri,Gyumri,2026-08-23,2026-08-23,1.0,100000.0
list.am,24076361,"1 room apartment in a new building on Manushyan Street in Gyumri, 50 sq.m., 1/4 floor",100000.0,AMD,monthly,,1,50.0,1,4,2026-08-23 02:06:56.103547+00:00,Gyumri,Gyumri,2026-08-23,2026-08-23,1.0,100000.0
list.am,24073341,"3 room apartment on Trdat Chartarapet Street in Gyumri, 86 sq.m., 2/5 floor, stone building",80000.0,AMD,monthly,,3,86.0,2,5,2026-08-23 02:06:56.103547+00:00,Gyumri,Gyumri,2026-08-23,2026-08-23,1.0,80000.0
list.am,24070691,"3 room apartment on Shirakatsi Street in Gyumri, 80 sq.m., second to last floor, stone building",140000.0,AMD,monthly,,3,80.0,3,4,2026-08-23 02:06:56.103547+00:00,Gyumri,Gyumri,2026-08-23,2026-08-23,1.0,140000.0
list.am,20780604,"1 room apartment in a new building on Yeghishe Charents Street in Gyumri, 50 sq.m., 1/4 floor",150000.0,AMD,monthly,,1,50.0,1,4,2026-08-23 02:06:56.103547+00:00,Gyumri,Gyumri,2026-08-23,2026-08-23,1.0,150000.0
list.am,24068413,"2 room apartment in Kazachiy post quarter in Gyumri, 50 sq.m., second to last floor, stone building",70000.0,AMD,monthly,,2,50.0,2,3,2026-08-23 02:06:56.103547+00:00,Gyumri,Gyumri,2026-08-23,2026-08-23,1.0,70000.0
list.am,23647043,"2 room apartment on Nikolay Rizhkov Street in Gyumri, 75 sq.m., 2/2 floor, 2 bathrooms",250000.0,AMD,monthly,,2,75.0,2,2,2026-08-23 02:06:56.103547+00:00,Gyumri,Gyumri,2026-08-23,2026-08-23,1.0,250000.0
list.am,24066712,"2 room apartment on Khachatur Abovyan Street in Gyumri, 68 sq.m., stone building",130000.0,AMD,monthly,,2,68.0,3,3,2026-08-23 02:06:56.103547+00:00,Gyumri,Gyumri,2026-08-23,2026-08-23,1.0,130000.0
list.am,23647029,"3 room apartment on Khrimyan Hayrik Highway in Gyumri, 60 sq.m., stone building",100000.0,AMD,monthly,,3,60.0,5,5,2026-08-23 02:06:56.103547+00:00,Gyumri,Gyumri,2026-08-23,2026-08-23,1.0,100000.0
list.am,23699501,"2 room apartment in a new building on Paruyr Sevak Street in Gyumri, 70 sq.m., 2/4 floor",130000.0,AMD,monthly,,2,70.0,2,4,2026-08-23 02:06:56.103547+00:00,Gyumri,Gyumri,2026-08-23,2026-08-23,1.0,130000.0
list.am,24044701,"2 room apartment on Gai Street in Gyumri, 60 sq.m., stone building",120000.0,AMD,monthly,,2,60.0,3,3,2026-08-23 02:06:56.103547+00:00,Gyumri,Gyumri,2026-08-23,2026-08-23,1.0,120000.0
list.am,23726302,"3 room apartment on Ghorghanyan Street in Gyumri, 65 sq.m., 1/4 floor, stone building",140000.0,AMD,monthly,,3,65.0,1,4,2026-08-23 02:06:56.103547+00:00,Gyumri,Gyumri,2026-08-23,2026-08-23,1.0,140000.0
list.am,23691974,"3 room apartment, kvartal Aragats-2 in Gyumri, 76 sq.m., 2/4 floor",80000.0,AMD,monthly,,3,76.0,2,4,2026-08-23 02:06:56.103547+00:00,Gyumri,Gyumri,2026-08-23,2026-08-23,1.0,80000.0
list.am,23961502,"3 room apartment in a new building on Trdat Chartarapet Street in Gyumri, 68 sq.m., stone building",120000.0,AMD,monthly,,3,68.0,4,4,2026-08-23 02:06:56.103547+00:00,Gyumri,Gyumri,2026-08-23,2026-08-23,1.0,120000.0
list.am,23390250,"2 room apartment in a new building in Mush 2 District in Gyumri, 52 sq.m., second to last floor",70000.0,AMD,monthly,,2,52.0,3,4,2026-08-23 02:06:56.103547+00:00,Gyumri,Gyumri,2026-08-23,2026-08-23,1.0,70000.0
list.am,24047795,"1 room apartment in a new building in Mush 2 District in Gyumri, 40 sq.m., 2/4 floor, stone building",60000.0,AMD,monthly,,1,40.0,2,4,2026-08-23 02:06:56.103547+00:00,Gyumri,Gyumri,2026-08-23,2026-08-23,1.0,60000.0
list.am,23162402,"2 room apartment, Bagratunyac Square in Gyumri, 55 sq.m., second to last floor, stone building",150000.0,AMD,monthly,,2,55.0,3,4,2026-08-23 02:06:56.103547+00:00,Gyumri,Gyumri,2026-08-23,2026-08-23,1.0,150000.0
list.am,24061946,"3 room apartment in a new building in 5th Street of Mush-2 Block in Gyumri, 86 sq.m.",80000.0,AMD,monthly,,3,86.0,4,4,2026-08-23 02:06:56.103547+00:00,Gyumri,Gyumri,2026-08-23,2026-08-23,1.0,80000.0
list.am,22259766,"3 room apartment in a new building on Shirakatsi Street in Gyumri, 80 sq.m., second to last floor",200000.0,AMD,monthly,,3,80.0,3,4,2026-08-23 02:06:56.103547+00:00,Gyumri,Gyumri,2026-08-23,2026-08-23,1.0,200000.0
list.am,23935878,"2 room apartment, բնակելի համալիր Սոլիդ Հաուս in Gyumri, 54 sq.m., 5/8 floor, stone building",300000.0,AMD,monthly,,2,54.0,5,8,2026-08-23 02:06:56.103547+00:00,Gyumri,Gyumri,2026-08-23,2026-08-23,1.0,300000.0
list.am,23996056,"2 room apartment on Trdat Chartarapet Street in Gyumri, 58 sq.m., 3/5 floor, stone building",110000.0,AMD,monthly,,2,58.0,3,5,2026-08-23 02:06:56.103547+00:00,Gyumri,Gyumri,2026-08-23,2026-08-23,1.0,110000.0
list.am,24057220,"3 room apartment on Ghandilyan Street in Gyumri, 90 sq.m., second to last floor, stone building",140000.0,AMD,monthly,,3,90.0,3,4,2026-08-23 02:06:56.103547+00:00,Gyumri,Gyumri,2026-08-23,2026-08-23,1.0,140000.0
list.am,24016406,"2 room apartment in Mush 2 District in Gyumri, 52 sq.m., 2 bathrooms",80000.0,AMD,monthly,,2,52.0,4,4,2026-08-23 02:06:56.103547+00:00,Gyumri,Gyumri,2026-08-23,2026-08-23,1.0,80000.0
list.am,24051674,"2 room apartment in a new building on Movses Khorenatsi Street in Gyumri, 60 sq.m., 1/4 floor",90000.0,AMD,monthly,,2,60.0,1,4,2026-08-23 02:06:56.103547+00:00,Gyumri,Gyumri,2026-08-23,2026-08-23,1.0,90000.0
list.am,23831510,"2 room apartment, kvartal Aragats-2 in Gyumri, 78 sq.m., second to last floor, stone building",110000.0,AMD,monthly,,2,78.0,3,4,2026-08-23 02:06:56.103547+00:00,Gyumri,Gyumri,2026-08-23,2026-08-23,1.0,110000.0
list.am,22200232,"3 room apartment on Trdat Chartarapet Street in Gyumri, 86 sq.m., 1/4 floor, stone building",120000.0,AMD,monthly,,3,86.0,1,4,2026-08-23 02:06:56.103547+00:00,Gyumri,Gyumri,2026-08-23,2026-08-23,1.0,120000.0
list.am,24033467,"1 room apartment in Odanavakayan 2nd district in Gyumri, 40 sq.m., second to last floor",75000.0,AMD,monthly,,1,40.0,3,4,2026-08-23 02:06:56.103547+00:00,Gyumri,Gyumri,2026-08-23,2026-08-23,1.0,75000.0
list.am,23849732,"1 room apartment on Trdat Chartarapet Street in Gyumri, 50 sq.m., 1/4 floor",100000.0,AMD,monthly,,1,50.0,1,4,2026-08-23 02:06:56.103547+00:00,Gyumri,Gyumri,2026-08-23,2026-08-23,1.0,100000.0
list.am,24044905,"2 room apartment in a new building in Mush 2 District in Gyumri, 51 sq.m., second to last floor",90000.0,AMD,monthly,,2,51.0,3,4,2026-08-23 02:06:56.103547+00:00,Gyumri,Gyumri,2026-08-23,2026-08-23,1.0,90000.0
list.am,24044667,"3 room apartment on Lalayan Street in Gyumri, 70 sq.m., stone building",120000.0,AMD,monthly,,3,70.0,4,4,2026-08-23 02:06:56.103547+00:00,Gyumri,Gyumri,2026-08-23,2026-08-23,1.0,120000.0
list.am,24042029,"2 room apartment on Yeghishe Charents Street in Gyumri, 85 sq.m., 1/4 floor",150000.0,AMD,monthly,,2,85.0,1,4,2026-08-23 02:06:56.103547+00:00,Gyumri,Gyumri,2026-08-23,2026-08-23,1.0,150000.0
list.am,23470428,"2 room apartment in a new building on Kamo Street in Gyumri, 52 sq.m., 2/5 floor, stone building",100000.0,AMD,monthly,,2,52.0,2,5,2026-08-23 02:06:56.103547+00:00,Gyumri,Gyumri,2026-08-23,2026-08-23,1.0,100000.0
list.am,24029209,"3 room apartment in a new building in Mush 2 District in Gyumri, 70 sq.m., 2/4 floor, stone building",80000.0,AMD,monthly,,3,70.0,2,4,2026-08-23 02:06:56.103547+00:00,Gyumri,Gyumri,2026-08-23,2026-08-23,1.0,80000.0
list.am,24029054,"3 room apartment on Shirakatsi Street in Gyumri, 68 sq.m., 3/5 floor, stone building",150000.0,AMD,monthly,,3,68.0,3,5,2026-08-23 02:06:56.103547+00:00,Gyumri,Gyumri,2026-08-23,2026-08-23,1.0,150000.0
list.am,24029008,"2 room apartment in a new building on Aram Khachatryan Street in Gyumri, 58 sq.m., 2/4 floor",120000.0,AMD,monthly,,2,58.0,2,4,2026-08-23 02:06:56.103547+00:00,Gyumri,Gyumri,2026-08-23,2026-08-23,1.0,120000.0
list.am,23938562,"3 room apartment on Movses Khorenatsi Street in Gyumri, 70 sq.m., second to last floor",90000.0,AMD,monthly,,3,70.0,3,4,2026-08-23 02:06:56.103547+00:00,Gyumri,Gyumri,2026-08-23,2026-08-23,1.0,90000.0
list.am,24022925,"2 room apartment in a new building on Trdat Chartarapet Street in Gyumri, 65 sq.m., 1/4 floor",120000.0,AMD,monthly,,2,65.0,1,4,2026-08-23 02:06:56.103547+00:00,Gyumri,Gyumri,2026-08-23,2026-08-23,1.0,120000.0
list.am,24018218,"1 room apartment on Ghandilyan Street in Gyumri, 50 sq.m.",100000.0,AMD,monthly,,1,50.0,5,5,2026-08-23 02:06:56.103547+00:00,Gyumri,Gyumri,2026-08-23,2026-08-23,1.0,100000.0
list.am,21891045,"2 room apartment in a new building on Karen Demirchyan Street in Gyumri, 58 sq.m., stone building",160000.0,AMD,monthly,,2,58.0,4,4,2026-08-23 02:06:56.103547+00:00,Gyumri,Gyumri,2026-08-23,2026-08-23,1.0,160000.0
list.am,23179272,"2 room apartment on Trdat Chartarapet Street in Gyumri, 55 sq.m., 1/4 floor",130000.0,AMD,monthly,,2,55.0,1,4,2026-08-23 02:06:56.103547+00:00,Gyumri,Gyumri,2026-08-23,2026-08-23,1.0,130000.0
list.am,22020856,"1 room apartment in Mush 2 District in Gyumri, 45 sq.m., 2/4 floor, stone building",80000.0,AMD,monthly,,1,45.0,2,4,2026-08-23 02:06:56.103547+00:00,Gyumri,Gyumri,2026-08-23,2026-08-23,1.0,80000.0
list.am,23565514,"1 room apartment in a new building on Mikhail Saltykov-Shedrin Street in Gyumri, 35 sq.m., 2/5 floor",140000.0,AMD,monthly,,1,35.0,2,5,2026-08-23 02:06:56.103547+00:00,Gyumri,Gyumri,2026-08-23,2026-08-23,1.0,140000.0
list.am,23999564,"3 room apartment in a new building in Mush 2 District in Gyumri, 66 sq.m., 2/4 floor, stone building",80000.0,AMD,monthly,,3,66.0,2,4,2026-08-23 02:06:56.103547+00:00,Gyumri,Gyumri,2026-08-23,2026-08-23,1.0,80000.0
list.am,22014243,"3 room apartment on Paruyr Sevak Street in Gyumri, 100 sq.m., second to last floor, 2 bathrooms",120000.0,AMD,monthly,,3,100.0,3,4,2026-08-23 02:06:56.103547+00:00,Gyumri,Gyumri,2026-08-23,2026-08-23,1.0,120000.0
list.am,23143061,"1 room apartment on Shirakatsi Street in Gyumri, 42 sq.m., 3/5 floor, stone building",90000.0,AMD,monthly,,1,42.0,3,5,2026-08-23 02:06:56.103547+00:00,Gyumri,Gyumri,2026-08-23,2026-08-23,1.0,90000.0
list.am,23940878,"1 room apartment in a new building in Mush 2 District in Gyumri, 40 sq.m., 2/4 floor, stone building",70000.0,AMD,monthly,,1,40.0,2,4,2026-08-23 02:06:56.103547+00:00,Gyumri,Gyumri,2026-08-23,2026-08-23,1.0,70000.0
list.am,23938172,"2 room apartment on Kamo Street in Gyumri, 57 sq.m., stone building",90000.0,AMD,monthly,,2,57.0,5,5,2026-08-23 02:06:56.103547+00:00,Gyumri,Gyumri,2026-08-23,2026-08-23,1.0,90000.0
list.am,23998055,"3 room apartment in a new building in Mush 2 District in Gyumri, 72 sq.m., 2/4 floor",110000.0,AMD,monthly,,3,72.0,2,4,2026-08-23 02:06:56.103547+00:00,Gyumri,Gyumri,2026-08-23,2026-08-23,1.0,110000.0
list.am,23989963,"5 room apartment in a new building on Aragats Street in Gyumri, 150 sq.m., stone building",300000.0,AMD,monthly,,5,150.0,3,3,2026-08-23 02:06:56.103547+00:00,Gyumri,Gyumri,2026-08-23,2026-08-23,1.0,300000.0
list.am,23989415,"2 room apartment in a new building on 11th Street in Gyumri, 45 sq.m., 2/4 floor",90000.0,AMD,monthly,,2,45.0,2,4,2026-08-23 02:06:56.103547+00:00,Gyumri,Gyumri,2026-08-23,2026-08-23,1.0,90000.0
list.am,23987467,"3 room apartment on Nerses IV Shnorhali Street in Gyumri, 70 sq.m., 1/2 floor, stone building",150000.0,AMD,monthly,,3,70.0,1,2,2026-08-23 02:06:56.103547+00:00,Gyumri,Gyumri,2026-08-23,2026-08-23,1.0,150000.0
list.am,23935745,"3 room apartment on Movses Khorenatsi Street in Gyumri, 70 sq.m., second to last floor",110000.0,AMD,monthly,,3,70.0,3,4,2026-08-23 02:06:56.103547+00:00,Gyumri,Gyumri,2026-08-23,2026-08-23,1.0,110000.0
list.am,23083600,"3 room apartment, Bagratunyac Square in Gyumri, 80 sq.m., second to last floor",160000.0,AMD,monthly,,3,80.0,3,4,2026-08-23 02:06:56.103547+00:00,Gyumri,Gyumri,2026-08-23,2026-08-23,1.0,160000.0
list.am,22976745,"5 room apartment on Maxim Gorki Street in Gyumri, 150 sq.m., 2 bathrooms",190000.0,AMD,monthly,,5,150.0,3,3,2026-08-23 02:06:56.103547+00:00,Gyumri,Gyumri,2026-08-23,2026-08-23,1.0,190000.0
list.am,22939411,"3 room apartment on Trdat Chartarapet Street in Gyumri, 80 sq.m., 1/4 floor, high ceilings",130000.0,AMD,monthly,,3,80.0,1,4,2026-08-23 02:06:56.103547+00:00,Gyumri,Gyumri,2026-08-23,2026-08-23,1.0,130000.0
list.am,23962481,"1 room apartment in a new building on Paruyr Sevak Street in Gyumri, 45 sq.m.",85000.0,AMD,monthly,,1,45.0,4,4,2026-08-23 02:06:56.103547+00:00,Gyumri,Gyumri,2026-08-23,2026-08-23,1.0,85000.0
list.am,23917001,"3 room apartment in a new building on Trdat Chartarapet Street in Gyumri, 86 sq.m.",110000.0,AMD,monthly,,3,86.0,4,5,2026-08-23 02:06:56.103547+00:00,Gyumri,Gyumri,2026-08-23,2026-08-23,1.0,110000.0
list.am,23966248,"3 room apartment in a new building on 11th Street in Gyumri, 80 sq.m., 1/3 floor, stone building",150000.0,AMD,monthly,,3,80.0,1,3,2026-08-23 02:06:56.103547+00:00,Gyumri,Gyumri,2026-08-23,2026-08-23,1.0,150000.0
list.am,22189107,"1 room apartment, Շիրազի փողոց in Gyumri, 33 sq.m., 1/1 floor, high ceilings, stone building",200000.0,AMD,monthly,,1,33.0,1,1,2026-08-23 02:06:56.103547+00:00,Gyumri,Gyumri,2026-08-23,2026-08-23,1.0,200000.0
list.am,23154405,"2 room apartment in a new building on Arevelyan Street in Gyumri, 43 sq.m., 2/4 floor",65000.0,AMD,monthly,,2,43.0,2,4,2026-08-23 02:06:56.103547+00:00,Gyumri,Gyumri,2026-08-23,2026-08-23,1.0,65000.0
list.am,23953932,"1 room apartment on Stepan Shahumyan Street in Gyumri, 40 sq.m., 2/4 floor, stone building",140000.0,AMD,monthly,,1,40.0,2,4,2026-08-23 02:06:56.103547+00:00,Gyumri,Gyumri,2026-08-23,2026-08-23,1.0,140000.0
list.am,23949651,"2 սենյականոց բնակարան նորակառույց շենքում Երևանյան խճուղիում Գյումրիում, 55 քմ, 2/4 հարկ",180000.0,AMD,monthly,,2,55.0,2,4,2026-08-19 13:04:03.116499+00:00,Գյումրի,Gyumri,2026-08-19,2026-08-19,1.0,180000.0
list.am,23947776,"3 room apartment on Charles Aznavour Street in Gyumri, 78 sq.m., stone building",100000.0,AMD,monthly,,3,78.0,5,5,2026-08-23 02:06:56.103547+00:00,Gyumri,Gyumri,2026-08-23,2026-08-23,1.0,100000.0
list.am,23919893,"2 room apartment in a new building in Mush 2 District in Gyumri, 54 sq.m., stone building",80000.0,AMD,monthly,,2,54.0,4,4,2026-08-23 02:06:56.103547+00:00,Gyumri,Gyumri,2026-08-23,2026-08-23,1.0,80000.0
list.am,23095736,"1 room apartment in a new building in Mush 2 District in Gyumri, 43 sq.m., stone building",80000.0,AMD,monthly,,1,43.0,4,4,2026-08-23 02:06:56.103547+00:00,Gyumri,Gyumri,2026-08-23,2026-08-23,1.0,80000.0
list.am,23698605,"3 room apartment in a new building on Minas Avetisyan Street in Gyumri, 70 sq.m., 2/4 floor",130000.0,AMD,monthly,,3,70.0,2,4,2026-08-23 02:06:56.103547+00:00,Gyumri,Gyumri,2026-08-23,2026-08-23,1.0,130000.0
list.am,23933223,"1 room apartment in a new building on Shirakatsi Street in Gyumri, 50 sq.m., second to last floor",100000.0,AMD,monthly,,1,50.0,3,4,2026-08-23 02:06:56.103547+00:00,Gyumri,Gyumri,2026-08-23,2026-08-23,1.0,100000.0
list.am,23931475,"3 room apartment in a new building on Trdat Chartarapet Street in Gyumri, 86 sq.m.",100000.0,AMD,monthly,,3,86.0,4,5,2026-08-23 02:06:56.103547+00:00,Gyumri,Gyumri,2026-08-23,2026-08-23,1.0,100000.0
list.am,23928857,"3 room apartment on Nikolay Rizhkov Street in Gyumri, 96 sq.m., high ceilings, stone building",150000.0,AMD,monthly,,3,96.0,3,3,2026-08-23 02:06:56.103547+00:00,Gyumri,Gyumri,2026-08-23,2026-08-23,1.0,150000.0
list.am,23920957,"3 room apartment on Vazgen Sargsyan Street in Gyumri, 68 sq.m., second to last floor, stone building",150000.0,AMD,monthly,,3,68.0,3,4,2026-08-23 02:06:56.103547+00:00,Gyumri,Gyumri,2026-08-23,2026-08-23,1.0,150000.0
list.am,23916971,"1 room apartment in a new building on Vahan Teryan Street in Gyumri, 45 sq.m., 1/3 floor",100000.0,AMD,monthly,,1,45.0,1,3,2026-08-23 02:06:56.103547+00:00,Gyumri,Gyumri,2026-08-23,2026-08-23,1.0,100000.0
list.am,22920489,"4 room apartment in a new building in Mush 2-2 District in Gyumri, 100 sq.m., stone building",120000.0,AMD,monthly,,4,100.0,4,4,2026-08-23 02:06:56.103547+00:00,Gyumri,Gyumri,2026-08-23,2026-08-23,1.0,120000.0
list.am,23766529,"3 սենյականոց բնակարան Արտաշիսյան փողոցում Շենգավիթում, 71 քմ, 3/5 հարկ, բարձր առաստաղներ, քարե շենք",270000.0,AMD,monthly,Shengavit,3,71.0,3,5,2026-08-19 13:04:03.116499+00:00,Շենգավիթ,Yerevan,2026-08-19,2026-08-19,1.0,270000.0
list.am,21102870,"Ընդարձակ 5 սենյականոց բնակարան նորակառույց շենքում Ալեք Մանուկյանի փողոցում կենտրոնում, 300 քմ",4500.0,USD,monthly,Kentron,5,300.0,3,6,2026-08-19 13:04:03.116499+00:00,Կենտրոն,Yerevan,2026-08-19,2026-08-19,364.96,1642320.0
list.am,20017033,"4 սենյականոց բնակարան նորակառույց շենքում, Արամի փողոց Կենտրոնում, 200 քմ, 6/16 հարկ, 2 սանհանգույց",2700.0,USD,monthly,Kentron,4,200.0,6,16,2026-08-19 13:04:03.116499+00:00,Կենտրոն,Yerevan,2026-08-19,2026-08-19,364.96,985392.0
list.am,20952771,"3 սենյականոց բնակարան Հին երևանցու փողոցում կենտրոնում, 80 քմ, 3/10 հարկ",450000.0,AMD,monthly,Kentron,3,80.0,3,10,2026-08-19 13:04:03.116499+00:00,Կենտրոն,Yerevan,2026-08-19,2026-08-19,1.0,450000.0
list.am,18533939,"2 սենյականոց բնակարան Արտաշիսյան փողոցում Շենգավիթում, 64 քմ, նախավերջին հարկ, քարե շենք",230000.0,AMD,monthly,Shengavit,2,64.0,3,4,2026-08-19 13:04:03.116499+00:00,Շենգավիթ,Yerevan,2026-08-19,2026-08-19,1.0,230000.0
list.am,15556184,"2 սենյականոց բնակարան նորակառույց շենքում Հին երևանցու փողոցում կենտրոնում, 75 քմ, 4/12 հարկ",1600.0,USD,monthly,Kentron,2,75.0,4,12,2026-08-19 13:04:03.116499+00:00,Կենտրոն,Yerevan,2026-08-19,2026-08-19,364.96,583936.0
list.am,22220609,"2 սենյականոց բնակարան նորակառույց շենքում Հին երևանցու փողոցում կենտրոնում, 65 քմ, բարձր առաստաղներ",500000.0,AMD,monthly,Kentron,2,65.0,11,11,2026-08-19 13:04:03.116499+00:00,Կենտրոն,Yerevan,2026-08-19,2026-08-19,1.0,500000.0
list.am,21025978,"2 սենյականոց բնակարան Հին երևանցու փողոցում կենտրոնում, 55 քմ, 9/11 հարկ",1200.0,USD,monthly,Kentron,2,55.0,9,11,2026-08-19 13:04:03.116499+00:00,Կենտրոն,Yerevan,2026-08-19,2026-08-19,364.96,437952.0
list.am,23107929,"2 սենյականոց բնակարան Հին երևանցու փողոցում կենտրոնում, 45 քմ",1100.0,USD,monthly,Kentron,2,45.0,11,11,2026-08-19 13:04:03.116499+00:00,Կենտրոն,Yerevan,2026-08-19,2026-08-19,364.96,401456.0
list.am,22764930,"2 սենյականոց բնակարան նորակառույց շենքում Հին երևանցու փողոցում կենտրոնում, 72 քմ, 9/12 հարկ",450000.0,AMD,monthly,Kentron,2,72.0,9,12,2026-08-19 13:04:03.116499+00:00,Կենտրոն,Yerevan,2026-08-19,2026-08-19,1.0,450000.0
list.am,23941259,"2 սենյականոց բնակարան նորակառույց շենքում Մոնթե Մելքոնյան փողոցում Աջափնյակում, 47 քմ, 12/17 հարկ",250000.0,AMD,monthly,Ajapnyak,2,47.0,12,17,2026-08-19 13:04:03.116499+00:00,Աջափնյակ,Yerevan,2026-08-19,2026-08-19,1.0,250000.0
list.am,23936167,"4 սենյականոց բնակարան նորակառույց շենքում Արամի փողոցում կենտրոնում, 105 քմ, 13/16 հարկ",1700.0,USD,monthly,Kentron,4,105.0,13,16,2026-08-19 13:04:03.116499+00:00,Կենտրոն,Yerevan,2026-08-19,2026-08-19,364.96,620432.0
list.am,23933263,"3 սենյականոց բնակարան Մառի փողոցում Նոր Նորքում, 130 քմ, 1/5 հարկ, 2 սանհանգույց",320000.0,AMD,monthly,Nor Nork,3,130.0,1,5,2026-08-19 13:04:03.116499+00:00,Նոր Նորք,Yerevan,2026-08-19,2026-08-19,1.0,320000.0
list.am,23931264,"3 սենյականոց բնակարան Այգեձորի փողոցում Արաբկիրում, 135 քմ, 3/6 հարկ, բարձր առաստաղներ, քարե շենք",1300.0,USD,monthly,Arabkir,3,135.0,3,6,2026-08-19 13:04:03.116499+00:00,Արաբկիր,Yerevan,2026-08-19,2026-08-19,364.96,474448.0
list.am,18874471,"2 սենյականոց բնակարան Հին երևանցու փողոցում կենտրոնում, 47 քմ, բարձր առաստաղներ",1500.0,USD,monthly,Kentron,2,47.0,11,11,2026-08-19 13:04:03.116499+00:00,Կենտրոն,Yerevan,2026-08-19,2026-08-19,364.96,547440.0
list.am,23904664,"2 սենյականոց բնակարան Տպագրիչների փողոցում կենտրոնում, 40 քմ, քարե շենք",300000.0,AMD,monthly,Kentron,2,40.0,5,5,2026-08-19 13:04:03.116499+00:00,Կենտրոն,Yerevan,2026-08-19,2026-08-19,1.0,300000.0
list.am,20031434,"3 սենյականոց բնակարան նորակառույց շենքում Արամի փողոցում կենտրոնում, 143 քմ, 4/13 հարկ",2000.0,USD,monthly,Kentron,3,143.0,4,13,2026-08-19 13:04:03.116499+00:00,Կենտրոն,Yerevan,2026-08-19,2026-08-19,364.96,729920.0
list.am,23038041,"4 սենյականոց բնակարան Ռաֆայել Իսրաելյան փողոցում կենտրոնում, 130 քմ, 4/9 հարկ, 2 սանհանգույց",500000.0,AMD,monthly,Kentron,4,130.0,4,9,2026-08-19 13:04:03.116499+00:00,Կենտրոն,Yerevan,2026-08-19,2026-08-19,1.0,500000.0
